PesticideInRiver,RiverFlow,FishAbundance,Rainfall,ENSO,TreeCond,Irrigation,Drought,PesticideUse,CropYield,CropWater
1.33258,73.5831,49.8059,57.3075,Neutral,Damaged,No,Yes,4.88288,1.89811,24.7391
8.46684,384.978,82.8958,189.19,Neutral,Good,No,No,2.56184,0.0407481,15.0249
0.361959,40.9826,95.7371,26.6105,El_Nino,Good,Yes,No,4.48454,0.995263,79.6384
0.498825,35.4122,39.2444,120.18,La_Nina,Good,Yes,No,1.40454,0.539985,281.821
5.30627,97.3578,1.82653,115.522,Neutral,Damaged,No,Yes,3.8538,0.357766,31.7217
0.183865,92.5036,68.0478,91.9907,Neutral,Good,No,Yes,3.18939,1.51265,68.8841
1.02747,54.2233,52.7803,5.20474,El_Nino,Damaged,Yes,No,1.67103,0.139254,13.694
9.2761,380.843,55.0547,64.2108,Neutral,Good,No,No,3.35427,7.57729,215.282
4.19301,179.288,76.5959,328.225,La_Nina,Good,No,No,4.54566,1.47421,57.3546
7.63651,33.7561,8.3591,196.899,Neutral,Good,No,Yes,2.18184,0.55481,10.0132
3.57907,152.373,61.3208,340.309,La_Nina,Good,No,No,3.48438,4.18691,263.663
8.10183,332.017,0.780007,70.9674,Neutral,Good,Yes,No,2.633,9.76186,179.126
0.507166,190.639,93.1298,95.6971,Neutral,Good,No,No,4.41976,1.76715,55.9929
2.50427,46.2945,48.6281,182.072,Neutral,Dead,No,Yes,3.52328,1.16526,68.3488
8.48615,267.593,164.776,110.543,Neutral,Good,Yes,No,2.94859,5.6165,310.572
1.96437,91.4803,65.9635,110.492,Neutral,Good,Yes,No,3.14394,3.68536,269.624
1.33419,330.222,0.0375458,160.132,Neutral,Good,Yes,No,3.24123,4.66096,332.712
1.08107,199.013,66.3866,152.556,Neutral,Good,No,No,1.10243,0.706783,70.8468
5.66427,188.265,179.596,180.308,La_Nina,Good,No,No,2.78165,0.270081,83.6763
8.18417,305.251,58.9226,344.974,La_Nina,Good,No,No,3.25469,9.83714,208.44
9.32873,126.606,75.3993,115.161,El_Nino,Damaged,No,Yes,3.14105,1.12071,97.1816
4.39484,97.3591,28.0059,98.1994,Neutral,Good,Yes,No,2.62965,5.8659,268.548
0.913528,54.5341,98.1279,51.4165,Neutral,Good,No,No,3.77311,1.83896,77.8392
2.15992,312.214,36.1389,92.3265,Neutral,Good,No,No,4.94448,0.780555,0.589268
0.974226,16.5488,36.5142,96.6797,Neutral,Good,Yes,No,3.41033,6.40612,257.841
1.03909,151.311,148,104.399,Neutral,Damaged,No,Yes,2.45043,1.73121,16.175
0.717255,48.2901,7.33533,19.421,El_Nino,Damaged,No,Yes,3.7713,0.0500087,84.7675
1.27199,40.3601,41.5009,158.789,Neutral,Good,Yes,No,4.35714,7.13005,369.588
4.89979,377.067,73.7622,114.86,Neutral,Damaged,No,Yes,4.8452,1.06999,15.531
1.43963,83.5532,45.35,126.31,Neutral,Good,Yes,No,3.27479,6.73105,303.437
6.87131,378.075,79.353,114.374,Neutral,Damaged,Yes,No,2.89052,0.582025,29.3396
8.9567,115.162,84.6103,52.5133,Neutral,Good,No,Yes,3.64283,5.44564,7.8225
5.09528,203.188,142.564,98.5467,Neutral,Good,No,No,2.1649,1.69562,27.3895
0.0266865,47.5773,15.0631,173.431,Neutral,Good,Yes,No,3.97769,3.2569,399.693
2.69823,244.096,85.339,113.272,Neutral,Good,No,No,4.74132,1.17989,28.7665
6.57077,78.4122,30.9484,73.2756,Neutral,Damaged,No,No,2.42704,0.432205,5.5001
1.17616,128.824,136.972,241.376,La_Nina,Damaged,No,No,0.575011,1.67702,196.787
0.737874,19.096,166.884,86.5025,Neutral,Good,Yes,No,3.49626,9.98301,395.073
1.70598,17.4507,6.19288,24.3956,El_Nino,Good,No,Yes,4.38712,1.81585,9.18905
3.953,66.0226,3.36551,78.6103,Neutral,Damaged,No,Yes,4.33827,1.0192,88.829
4.19586,183.357,43.8969,327.648,La_Nina,Good,No,No,4.71703,0.482715,370.737
4.24746,57.6311,32.6244,142.39,Neutral,Good,Yes,No,2.03192,9.24873,365.051
9.73323,128.526,34.0441,83.6877,Neutral,Damaged,No,No,4.67358,0.416526,34.2736
0.65225,348.911,117.887,21.8651,El_Nino,Damaged,Yes,No,2.83299,1.93805,23.7016
0.900937,342.245,150.929,196.101,Neutral,Good,Yes,No,3.8904,0.774591,88.8445
0.47095,58.1995,40.7246,137.872,Neutral,Good,Yes,No,3.39631,6.11862,183.658
1.45739,3.7201,39.917,32.2696,El_Nino,Good,Yes,No,4.96597,0.164365,31.6601
3.27598,390.385,8.35081,117.341,Neutral,Good,No,No,4.79411,1.31514,90.7677
3.65103,234.804,20.4381,108.892,Neutral,Good,Yes,No,4.96828,0.0393386,61.1265
0.422979,97.561,0.793891,104.956,Neutral,Damaged,No,Yes,2.05076,0.609234,46.2794
2.90109,237.863,12.6321,339.488,La_Nina,Good,No,No,2.8645,0.756172,49.0593
1.83653,7.02557,41.8011,169.237,Neutral,Damaged,Yes,Yes,4.50591,1.8461,67.0263
1.02279,10.6235,35.2235,27.8163,El_Nino,Damaged,No,Yes,4.67603,4.41576,13.3209
2.31486,42.1412,42.4836,94.9081,El_Nino,Good,Yes,No,2.55039,7.2301,249.397
0.452449,81.8941,40.3251,179.289,Neutral,Good,No,No,4.93101,7.1355,397.195
5.48003,320.263,87.8414,258.04,La_Nina,Good,Yes,No,2.10791,4.38763,262.989
0.38029,91.6453,90.2273,187.139,Neutral,Damaged,No,Yes,3.92179,0.547519,8.58454
7.30179,4.42004,23.0259,121.667,Neutral,Damaged,Yes,No,4.23681,0.896533,344.554
0.406876,148.964,72.5793,153.316,Neutral,Good,No,No,1.31773,1.05966,41.6053
8.78844,66.4597,17.2502,135.008,Neutral,Good,Yes,No,2.62152,1.86519,159.219
1.97352,57.5825,80.111,121.116,Neutral,Damaged,No,Yes,4.36016,0.363442,94.7055
0.933907,251.399,190.341,171.338,Neutral,Good,No,No,4.6961,1.83637,44.2793
8.7879,93.7162,17.1343,67.3092,Neutral,Damaged,Yes,No,2.86602,8.16463,123.817
5.99927,56.2125,8.05424,125.806,Neutral,Good,Yes,No,2.57601,5.82393,290.122
1.12982,11.1492,72.6016,114.025,Neutral,Good,Yes,No,4.11056,2.683,324.956
3.92832,101.162,26.6008,63.719,El_Nino,Damaged,Yes,No,3.86684,5.26771,148.083
6.04475,174.252,140.161,101.635,Neutral,Good,Yes,No,2.61566,2.55288,227.839
8.1373,309.984,159.556,244.156,La_Nina,Good,No,No,4.78953,8.10487,293.647
7.34567,16.4899,26.4173,275.033,La_Nina,Damaged,No,Yes,4.67863,0.93924,70.6494
3.37748,81.9809,95.8965,88.3971,Neutral,Damaged,Yes,No,2.15423,6.675,110.636
1.60641,215.591,149.587,123.918,Neutral,Good,Yes,No,3.40463,8.64029,207.115
0.757867,75.1372,20.8985,17.7066,El_Nino,Good,Yes,No,3.33859,0.745671,38.4157
1.25952,74.234,35.1597,117.78,Neutral,Damaged,No,Yes,4.79653,0.833252,40.8025
1.51605,267.152,109.79,142.696,El_Nino,Good,Yes,No,0.784836,0.898395,284.612
3.03227,167.518,76.0803,358.577,La_Nina,Good,No,No,3.14559,7.01383,103.941
3.39035,91.8456,46.3408,83.2314,Neutral,Dead,No,Yes,4.28668,1.40052,96.9966
0.915517,21.4426,36.6035,134.82,Neutral,Dead,No,Yes,4.11095,0.986831,6.21915
1.75177,85.0332,39.1968,176.64,Neutral,Good,Yes,No,3.18832,1.04049,71.6873
4.88723,33.2046,35.9728,122.977,Neutral,Damaged,No,Yes,3.92846,1.23494,2.59123
5.41209,17.9375,20.2909,131.726,Neutral,Good,No,Yes,4.2649,2.43648,265.556
0.143894,45.2285,9.89653,27.923,El_Nino,Good,Yes,No,4.90789,0.0914053,5.25311
1.10665,4.22258,14.7031,13.1733,El_Nino,Good,Yes,No,4.07386,0.517369,99.6724
5.68142,13.6072,47.2084,69.5566,Neutral,Good,Yes,No,3.63209,3.12325,398.266
1.16074,220.033,196.477,143.648,El_Nino,Damaged,No,No,3.11267,9.35178,337.14
0.84995,1.73351,50.9925,15.4391,El_Nino,Dead,No,Yes,3.1652,1.5095,83.1123
2.07754,0.319226,24.9112,77.7424,El_Nino,Dead,Yes,Yes,2.88872,6.41672,91.0603
1.22039,30.0908,12.1355,174.675,Neutral,Good,No,No,3.045,0.895013,33.1625
1.18936,76.8874,7.16305,100.827,Neutral,Damaged,No,Yes,0.202612,1.02045,349.176
1.61739,76.7183,1.87681,46.7091,El_Nino,Damaged,No,Yes,4.46196,5.87968,19.4601
0.958323,13.8339,44.4288,58.1124,Neutral,Good,No,No,3.92293,4.01832,310.085
1.99991,32.0338,19.2567,136.754,Neutral,Damaged,Yes,No,4.2688,9.95343,147.917
6.4833,254.667,68.8153,126.451,La_Nina,Damaged,Yes,Yes,2.26799,1.64434,9.87106
4.74545,155.164,25.6385,391.437,La_Nina,Good,No,No,3.72222,0.00254159,95.8434
1.80447,28.1468,0.581898,138.66,La_Nina,Damaged,No,Yes,0.795781,6.28554,153.691
1.04442,26.8175,32.4868,62.8303,Neutral,Good,Yes,No,0.320826,1.68903,325.046
9.40932,301.973,122.961,201.27,La_Nina,Good,No,No,4.29523,3.21827,89.78
5.53416,8.30518,37.2757,167.594,El_Nino,Damaged,Yes,Yes,2.48667,0.269121,27.4375
1.28186,379.443,121.59,331.941,La_Nina,Good,Yes,No,0.777724,1.53477,322.859
1.79113,169.346,150.183,182.11,Neutral,Good,Yes,No,2.32919,5.49379,204.189
5.04971,99.8469,18.6424,167.421,Neutral,Good,No,Yes,2.84048,1.37993,34.4489
1.93614,211.712,90.4736,288.646,La_Nina,Good,No,No,1.77261,6.89854,362.675
0.319105,383.5,20.5808,13.8034,El_Nino,Damaged,No,No,3.10895,5.08749,259.716
2.7388,359.696,21.1094,254.086,La_Nina,Damaged,No,Yes,4.84351,0.197167,89.5785
3.36149,270.593,88.8062,68.1683,Neutral,Damaged,No,Yes,2.51093,1.29026,14.269
9.48886,262.496,52.7367,158.465,Neutral,Dead,No,Yes,4.58834,0.212556,24.544
5.19436,311.268,95.9924,360.889,La_Nina,Good,Yes,No,2.26746,9.75642,326.531
1.16868,10.7591,44.1724,66.078,Neutral,Good,Yes,No,3.40789,4.89618,184.956
2.32731,358.548,59.3003,298.148,La_Nina,Good,No,No,2.30503,5.49847,120.172
1.22204,9.14908,23.3658,196.662,Neutral,Good,Yes,No,2.62306,0.123547,57.4805
5.82984,247.719,95.7464,133.555,Neutral,Good,No,No,4.89128,3.10484,301.836
5.4905,83.7329,16.9655,106.425,Neutral,Damaged,Yes,No,2.42369,7.75906,266.512
3.81118,91.2886,29.1313,175.347,Neutral,Good,Yes,No,3.6161,3.99022,295.676
1.33095,16.4939,43.7693,46.5872,El_Nino,Good,Yes,No,3.84382,1.64768,99.3207
0.277785,60.946,5.57932,42.7649,El_Nino,Damaged,No,Yes,3.30224,8.2721,74.7337
5.35372,262.97,97.8053,175.688,Neutral,Good,No,No,2.44656,9.24075,147.779
0.358344,227.747,151.541,232.292,La_Nina,Good,No,No,0.152502,0.30257,229.651
0.241148,4.75931,20.1029,37.5406,El_Nino,Good,Yes,No,3.7828,1.68378,89.9282
5.344,87.3095,40.2952,142.737,Neutral,Good,Yes,No,3.47607,9.83353,398.149
0.0870197,42.9685,5.06118,52.5618,La_Nina,Good,Yes,No,3.73122,9.29361,153.95
0.606353,54.2328,99.8438,77.3608,Neutral,Good,Yes,No,4.40019,0.572818,97.1295
1.00459,63.6445,18.2722,14.5477,El_Nino,Dead,No,Yes,3.37846,0.30145,74.2948
0.211364,63.0433,33.857,0.282269,El_Nino,Good,Yes,No,2.78805,0.294808,86.6233
3.36923,66.1865,40.6463,138.426,Neutral,Good,No,No,4.83925,0.060288,48.894
0.693573,13.5767,48.0971,124.395,Neutral,Damaged,Yes,Yes,2.82581,0.71019,19.2432
1.60582,162.028,60.8554,339.925,La_Nina,Good,No,No,0.384585,0.980817,235.515
8.4923,218.904,91.6578,354.097,La_Nina,Good,No,No,3.27872,2.44309,279.677
0.511745,89.6498,1.12321,26.0725,El_Nino,Damaged,Yes,No,2.85887,0.412809,64.1312
8.99944,209.279,53.9555,125.686,Neutral,Damaged,No,Yes,3.24446,3.3662,326.883
0.461438,74.7355,26.5612,159.223,Neutral,Good,Yes,No,4.31658,1.71024,6.38156
0.991022,45.7644,0.919999,35.5933,El_Nino,Good,No,Yes,2.53513,1.38573,88.6023
1.35722,296.49,189.915,18.1603,El_Nino,Damaged,Yes,No,4.42032,8.89283,70.8306
0.620989,233.148,117.179,256.291,La_Nina,Good,No,No,0.324145,0.812,281.864
1.78378,390.829,130.904,146.243,Neutral,Damaged,Yes,No,4.10928,9.45604,291.134
0.272352,122.381,145.85,171.213,Neutral,Dead,No,Yes,4.60224,2.45658,25.6409
7.93397,23.4124,27.8891,183.206,Neutral,Damaged,No,Yes,2.77812,1.27517,79.9685
1.0126,48.5654,35.9524,16.0402,El_Nino,Good,Yes,No,3.29401,0.396193,30.8832
7.48797,97.2483,3.73877,161.222,Neutral,Good,Yes,No,3.53004,0.931216,30.2445
0.488994,74.4737,24.1197,40.8236,El_Nino,Damaged,Yes,No,4.26889,1.60826,75.9262
1.6967,15.2743,46.616,1.37487,El_Nino,Good,Yes,No,3.93584,0.0926805,65.4228
1.42662,223.214,47.8177,195.164,Neutral,Good,No,No,1.71856,1.63406,131.391
8.36695,59.5852,6.4397,55.2088,El_Nino,Good,Yes,No,3.43029,6.22407,105.893
2.7526,97.4487,24.6521,239.849,La_Nina,Damaged,Yes,Yes,3.20303,2.69449,247.459
5.99927,276.225,192.431,55.4853,Neutral,Damaged,No,Yes,2.86926,1.43994,30.3528
9.98532,395.678,95.9369,130.413,Neutral,Good,No,No,2.84621,1.78226,14.6058
2.73132,76.7815,35.1581,56.8682,Neutral,Damaged,Yes,No,4.47315,0.980568,31.0455
0.506252,44.2421,39.0123,39.5115,El_Nino,Good,Yes,No,4.88187,3.06974,233.378
9.89487,265.866,105.562,178.718,El_Nino,Good,No,No,4.14373,1.62526,78.8972
5.34591,301.153,84.2759,89.7941,Neutral,Good,No,No,3.22913,7.5786,349.553
0.239727,215.717,115.351,17.0578,El_Nino,Good,Yes,No,4.48116,7.78915,126.717
0.324895,92.1068,39.3828,73.3412,Neutral,Good,Yes,No,4.73611,1.53243,12.4372
5.44055,56.5775,1.65486,157.216,Neutral,Good,Yes,No,3.90722,4.01696,274.949
6.0926,226.047,88.6117,171.074,Neutral,Damaged,Yes,No,4.54812,4.225,377.926
4.98008,368.253,0.0231462,218.954,La_Nina,Good,Yes,No,3.18699,6.33978,346.87
1.21679,218.457,126.766,187.303,Neutral,Good,No,No,3.19107,1.56119,92.1274
0.408032,81.24,24.0909,50.2464,El_Nino,Dead,No,Yes,2.79289,1.12032,92.2662
7.57807,235.228,92.4279,118.053,Neutral,Good,No,No,2.77866,0.256004,93.3045
5.18645,92.3262,25.4328,109.475,Neutral,Good,Yes,No,2.31379,5.41625,354.432
1.10825,92.8239,42.4982,152.791,El_Nino,Damaged,Yes,No,3.54414,2.32351,178.559
2.46013,222.835,69.7665,171.388,Neutral,Good,Yes,No,2.48084,8.74861,189.421
1.10983,198.579,128.342,156.964,Neutral,Good,No,No,4.31062,0.761937,22.6901
5.43344,338.539,158.078,327.308,La_Nina,Good,No,No,4.46571,9.87932,306.222
1.59435,3.12263,66.9687,49.1242,El_Nino,Damaged,Yes,No,3.26098,1.6935,48.6895
2.85412,278.021,90.8476,233.857,La_Nina,Good,No,No,2.41071,0.299923,124.507
0.222275,265.298,173.005,112.172,Neutral,Dead,No,Yes,1.48729,0.656356,85.4012
6.12859,260.268,70.5031,90.0095,Neutral,Damaged,No,No,2.0789,1.78183,99.9329
4.24594,76.5584,11.2301,61.6671,Neutral,Damaged,Yes,Yes,4.77739,1.43013,16.2199
4.36762,64.7233,65.8603,61.8818,Neutral,Damaged,Yes,Yes,4.52926,0.299166,5.38721
6.38468,178.451,58.1879,167.17,Neutral,Good,No,No,2.34135,0.138703,41.571
6.84215,7.0018,15.067,151.144,Neutral,Dead,No,Yes,3.80883,0.511067,47.242
1.5122,42.867,36.7876,5.70832,El_Nino,Damaged,Yes,No,4.7031,0.915593,53.1901
1.46463,397.047,78.1497,60.1736,Neutral,Good,Yes,No,2.54158,1.97367,79.3796
9.43912,342.611,63.8567,91.0341,Neutral,Damaged,No,No,4.85856,1.92776,55.6604
1.83285,62.1133,7.73505,20.3332,El_Nino,Damaged,Yes,No,4.55153,0.0466633,47.8847
2.9058,239.495,72.6808,107.324,Neutral,Good,Yes,No,3.30529,0.759791,333.797
1.77967,93.5515,26.6917,7.31237,El_Nino,Good,Yes,No,3.89079,0.33786,1.03075
5.27787,238.822,159.542,240.168,La_Nina,Good,Yes,No,2.26884,7.02459,348.694
6.72139,277.763,16.8499,113.071,Neutral,Damaged,No,No,1.90495,1.78423,44.8795
2.74575,148.84,79.5628,53.9972,Neutral,Good,No,No,4.52869,2.13252,190.211
0.267088,187.844,146.578,136.037,La_Nina,Good,No,No,4.21391,1.74631,11.5505
2.26351,52.9804,13.0743,64.3641,Neutral,Damaged,No,No,2.6551,0.660135,58.8938
0.790262,80.869,28.2026,14.5804,El_Nino,Good,Yes,No,0.321255,1.06205,65.4602
6.62159,122.112,29.3862,56.2962,Neutral,Good,No,Yes,3.10385,2.94427,307.348
0.754105,80.2757,54.6242,73.4374,El_Nino,Good,Yes,No,2.09431,2.53414,323.577
0.102272,93.3196,37.8318,163.33,Neutral,Good,Yes,No,3.97842,2.42485,243.505
4.37091,0.995612,28.6721,164.277,Neutral,Good,Yes,No,2.64501,6.96575,112.998
1.69118,83.7223,37.4978,26.0472,El_Nino,Damaged,Yes,No,1.24938,1.04554,99.9161
3.16551,138.839,40.5201,99.6558,Neutral,Damaged,No,No,2.90641,0.882149,21.406
0.942202,11.8087,68.7676,9.64494,El_Nino,Good,Yes,No,4.29105,7.74498,254.347
9.97474,296.097,65.9104,217.999,La_Nina,Damaged,Yes,No,4.65148,5.27755,293.082
1.70427,331.528,149.234,194.473,Neutral,Good,No,No,4.99883,1.21623,10.165
3.65698,173.075,82.2613,122.169,Neutral,Good,No,No,4.38895,1.09749,82.4571
9.29164,37.824,16.7564,126.43,Neutral,Damaged,No,Yes,4.73314,1.2797,75.3795
9.78876,94.0286,39.0444,188.309,Neutral,Good,Yes,No,2.0942,8.41299,372.014
8.41951,24.5729,14.8606,339.874,La_Nina,Damaged,Yes,Yes,3.92903,2.69693,303.159
3.95563,3.60568,17.1149,193.348,La_Nina,Damaged,Yes,No,3.542,1.77309,20.6063
2.76668,5.26685,27.0512,162.005,Neutral,Dead,No,Yes,3.59468,0.756727,66.9599
4.3149,336.794,88.1423,197.906,La_Nina,Good,Yes,No,3.40179,6.5203,332.34
1.07166,80.6325,19.6204,73.2638,Neutral,Good,No,No,4.67043,4.13901,167.809
5.96541,20.8759,37.955,113.52,Neutral,Damaged,No,Yes,3.31587,1.96637,19.3732
6.86633,329.06,84.9822,66.1984,Neutral,Good,Yes,No,4.01408,7.14397,182.429
3.20887,38.2046,50.7358,51.1126,Neutral,Good,Yes,No,4.54259,8.44408,184.373
2.10474,20.9911,3.21706,55.6702,Neutral,Good,Yes,No,2.12816,3.70023,142.364
1.29391,69.4704,58.2427,3.08091,El_Nino,Damaged,Yes,No,2.00624,0.207738,75.7782
9.94857,339.383,58.7441,391.09,La_Nina,Good,No,No,3.18763,2.94872,303.115
7.51115,352.931,50.5407,322.193,La_Nina,Good,No,Yes,2.50813,1.23615,77.601
8.56903,342.614,82.5295,247.452,La_Nina,Good,No,No,2.24208,1.84938,172.12
9.87339,350.31,84.9951,295.289,La_Nina,Good,No,No,2.91039,8.65214,138.602
0.683389,236.216,110.371,140.716,Neutral,Good,No,No,2.43534,9.87561,187.613
1.18649,112.549,150.358,123.659,Neutral,Good,No,No,2.94463,1.25739,51.6106
1.86275,13.7029,62.3667,10.2506,El_Nino,Good,Yes,No,2.67115,1.70918,1.12542
1.93252,77.4256,76.2397,161.414,Neutral,Good,Yes,No,2.51807,2.86984,153.032
1.99043,80.2868,21.5571,133.59,Neutral,Damaged,Yes,No,1.449,1.6663,213.359
3.44728,396.885,193.148,124.228,Neutral,Good,Yes,No,4.68338,7.68105,201.375
0.682659,306.463,176.597,185.068,Neutral,Good,No,No,4.99276,1.77044,61.3844
3.3114,56.0769,29.9606,188.93,Neutral,Damaged,Yes,No,2.41124,4.50481,365.775
0.717278,158.647,70.8904,115.539,Neutral,Good,Yes,No,2.05264,4.43059,265.5
0.940969,34.549,41.2491,5.44536,El_Nino,Damaged,No,Yes,0.576274,1.04051,46.7707
8.56098,14.1135,41.4504,113.143,Neutral,Good,Yes,No,4.89663,6.27468,389.14
8.07515,1.87442,21.7263,78.1907,Neutral,Good,Yes,No,2.38942,0.109241,280.167
6.88988,13.5817,27.937,64.3648,Neutral,Good,Yes,No,2.06827,3.04609,244.837
3.39585,85.6722,46.1398,62.4711,Neutral,Good,No,No,2.75406,0.579016,17.6626
8.96702,129.234,99.6866,68.1652,Neutral,Damaged,Yes,No,3.673,3.18709,274.082
4.15159,19.6623,36.5243,131.254,Neutral,Good,Yes,No,2.69139,1.63546,192.456
1.29502,4.00401,37.9627,33.8577,El_Nino,Damaged,Yes,No,4.73915,1.0884,70.5584
4.73074,45.017,32.346,156.527,Neutral,Dead,Yes,Yes,4.85261,6.86666,292.79
0.46786,282.615,116.11,190.635,Neutral,Good,No,No,1.06112,1.56561,175.605
4.37207,361.039,16.4,350.169,La_Nina,Damaged,No,Yes,2.25168,4.88914,181.085
4.62192,273.161,5.94251,118.849,Neutral,Damaged,No,No,3.81432,1.02867,55.4499
1.44839,92.4344,65.0464,167.049,Neutral,Good,Yes,No,4.61254,8.28758,211.748
7.76194,86.2706,12.423,99.7062,Neutral,Good,No,No,2.92241,1.29042,66.0893
5.49065,90.5384,33.1017,58.4096,Neutral,Damaged,Yes,Yes,3.23036,8.30396,36.6318
4.39844,45.237,32.0941,160.88,Neutral,Damaged,No,Yes,3.25729,5.55886,214.457
0.463106,82.6851,13.8935,94.19,La_Nina,Good,Yes,No,4.15943,5.56861,379.367
0.734421,165.367,105.324,85.1329,Neutral,Good,No,No,2.82831,1.23282,8.93007
2.34619,308.242,3.0144,304.838,La_Nina,Damaged,No,Yes,3.0124,4.7941,113.669
0.0516392,116.082,62.7446,99.2144,Neutral,Good,Yes,No,4.54954,1.63511,3.50347
1.78471,11.9723,9.57243,13.8605,El_Nino,Damaged,Yes,No,4.26654,6.80782,346.191
0.632585,328.166,145.063,191.01,Neutral,Damaged,No,Yes,2.27864,8.53728,24.9879
7.59805,262.736,154.656,128.605,Neutral,Good,No,No,2.15322,0.254656,2.81485
1.05343,41.3786,92.2031,1.14914,El_Nino,Dead,Yes,No,4.21535,0.461448,47.5054
1.50681,85.1632,34.4462,40.4035,El_Nino,Damaged,Yes,No,4.24573,1.0757,21.241
0.614062,373.527,170.499,52.945,Neutral,Good,No,No,3.34391,6.40917,62.5284
8.98567,33.2717,44.2832,88.7961,La_Nina,Good,Yes,No,2.05046,8.82226,388.619
6.71422,115.209,48.5036,330.358,La_Nina,Good,No,No,2.27313,0.22187,4.1712
5.71062,26.1987,6.69066,62.0186,Neutral,Damaged,No,Yes,2.95246,1.93741,94.3497
7.94004,277.316,84.4463,127.804,El_Nino,Good,Yes,No,3.61984,4.46589,241
0.593875,67.119,17.434,125.403,Neutral,Good,Yes,No,4.45459,4.88284,309.821
0.869207,312.757,176.98,146.183,La_Nina,Damaged,No,Yes,4.97858,0.191685,31.4432
9.94037,355.881,5.88094,194.605,Neutral,Good,No,No,3.60485,0.246268,22.7296
0.445127,1.7864,46.8448,134.574,Neutral,Good,Yes,No,4.0006,0.713334,98.5878
6.82383,51.2046,22.6564,84.8138,Neutral,Good,Yes,No,2.7291,1.13529,51.5148
2.4347,36.1241,31.8699,196.58,Neutral,Good,Yes,No,3.44406,0.977869,4.04748
6.25063,176.191,168.553,102.929,Neutral,Damaged,Yes,No,4.15453,0.886041,50.7246
0.0152386,372.304,139.67,173.7,Neutral,Good,No,No,4.40674,0.797595,53.495
0.152323,348.533,39.1739,186.878,Neutral,Good,Yes,No,2.16107,1.24029,77.5198
2.00519,347.087,19.6094,394.784,La_Nina,Good,No,No,3.30783,6.82889,247.456
8.42612,201.728,96.4477,197.92,La_Nina,Good,No,No,2.04948,0.887853,70.2361
1.78329,114.28,153.229,93.1083,Neutral,Good,No,No,2.55297,0.703839,94.1778
1.07005,74.9468,77.8193,190.595,Neutral,Good,No,Yes,4.58505,0.987749,175.984
9.95237,58.8202,30.4394,163.854,Neutral,Good,Yes,No,3.29182,9.70591,105.748
5.3934,94.3562,42.9084,137.565,La_Nina,Damaged,Yes,No,4.02676,7.61248,353.263
0.638371,93.4222,26.2279,193.584,Neutral,Damaged,No,Yes,3.88173,2.77427,63.6603
1.93787,88.1855,16.5157,19.939,El_Nino,Good,Yes,No,4.98139,0.637371,31.6218
4.68555,380.7,15.1371,79.2308,Neutral,Good,Yes,No,3.95757,1.24446,167.291
2.0521,144.973,58.0742,388.56,La_Nina,Good,No,No,3.64098,8.42921,198.715
2.43281,175.685,2.08999,390.674,La_Nina,Damaged,Yes,No,2.21619,9.61081,178.62
1.42319,20.3569,3.07981,71.5499,La_Nina,Good,No,No,0.807251,0.387587,52.3654
3.11136,373.408,0.809534,109.671,La_Nina,Damaged,No,No,2.17588,9.78071,269.488
2.98236,299.508,60.7309,72.3255,Neutral,Damaged,No,Yes,4.01641,6.29712,35.7593
6.04378,367.085,90.4864,160.207,Neutral,Good,Yes,No,2.41329,6.08408,244.219
1.50504,181.206,164.679,195.459,Neutral,Good,No,No,4.44468,8.06406,258.929
9.14587,49.1169,23.9217,192.772,La_Nina,Good,No,Yes,3.37219,1.74171,21.2669
1.17916,164.465,76.7134,173.041,Neutral,Good,No,No,4.11718,0.0972372,4.69452
0.908413,92.407,190.487,36.9258,El_Nino,Good,Yes,No,3.00055,1.28775,56.0149
1.78144,98.1288,9.31145,101.314,Neutral,Good,Yes,Yes,2.31697,9.31503,376.844
1.09854,87.8378,39.2067,141.841,Neutral,Damaged,Yes,No,2.77498,1.6119,5.51963
7.71896,184.444,95.2107,62.2911,Neutral,Good,No,No,4.16334,0.0394631,45.0365
1.59558,86.4931,41.5096,28.2076,El_Nino,Good,Yes,No,1.57499,7.84346,360.039
0.566444,286.66,63.0069,105.28,El_Nino,Damaged,No,Yes,3.80644,0.0491762,37.7047
9.19491,195.481,86.4048,381.722,La_Nina,Damaged,No,Yes,3.71532,6.48644,287.198
0.967698,56.1786,17.8431,111.806,Neutral,Good,Yes,No,3.96567,3.37547,236.06
5.03151,89.9556,16.0916,331.983,Neutral,Good,No,No,2.109,3.38744,330.619
8.3855,289.164,55.8764,122.86,Neutral,Damaged,No,No,2.25295,1.74708,68.1096
0.676047,85.8883,17.0632,95.7028,Neutral,Good,No,No,2.73402,0.594049,76.19
4.32537,49.3471,14.5514,34.7171,El_Nino,Good,Yes,No,3.91482,1.99859,28.4147
0.0202413,57.9773,19.2754,145.476,Neutral,Damaged,No,No,2.77811,1.40084,7.32227
2.2441,227.204,135.729,197.648,La_Nina,Good,No,No,3.91721,1.78962,91.9518
6.63656,339.296,95.6366,90.3876,Neutral,Good,No,No,3.11785,3.04399,170.791
0.642933,44.8704,21.3904,55.1451,El_Nino,Good,Yes,No,4.11022,8.95337,309.928
4.2919,255.607,108.61,141.179,Neutral,Damaged,No,Yes,3.61427,0.464675,98.7356
2.55645,81.4167,29.6541,101.926,Neutral,Good,No,No,3.88484,0.357865,72.5634
1.59334,89.1474,81.716,112.585,Neutral,Damaged,Yes,No,4.39212,0.769955,72.0046
1.62052,60.6576,21.7807,135.296,Neutral,Good,No,Yes,2.62472,1.38599,32.4568
1.21687,102.471,196.692,142.966,Neutral,Damaged,No,No,3.78808,0.631462,94.2904
1.65442,0.0903928,46.2321,1.14823,El_Nino,Good,Yes,No,4.59165,1.28075,56.2478
0.640929,142.542,175.301,151.536,Neutral,Good,No,No,0.954789,1.99542,8.85026
1.65762,46.9075,34.3755,164.385,Neutral,Good,No,No,1.59484,0.245297,31.4925
9.31579,337.003,91.3432,153.909,Neutral,Good,No,No,4.85754,5.41071,242.572
1.45305,85.2231,14.8186,93.1686,Neutral,Good,No,No,4.28088,3.20596,268.701
1.14255,42.5178,27.9631,180.461,Neutral,Good,Yes,No,4.88091,1.25431,88.889
2.53871,309.42,15.2955,249.408,La_Nina,Good,Yes,No,3.43359,3.5654,204.642
0.195691,99.7291,10.0403,199.84,Neutral,Good,Yes,No,4.26078,1.16841,87.7042
4.83926,21.8961,18.7048,159.372,Neutral,Good,No,No,3.60924,4.11092,371.072
8.50964,364.448,30.8191,368.848,La_Nina,Good,No,No,1.6086,4.49262,227.25
0.716891,390.409,187.298,119.561,Neutral,Good,No,No,2.76453,3.52985,243.888
1.17425,307.973,136.447,144.054,Neutral,Damaged,No,Yes,1.48952,0.365351,15.3543
1.19094,62.8515,26.2044,70.921,Neutral,Damaged,No,Yes,1.91941,0.643114,338.598
8.43313,366.552,33.5115,197.282,Neutral,Damaged,Yes,Yes,3.40852,1.10156,62.662
4.84741,307.588,79.5452,245.372,La_Nina,Good,No,No,2.87329,9.01185,324.617
3.79432,242.538,143.941,366.73,La_Nina,Good,No,No,3.46941,7.45308,330.308
0.205028,360.068,161.86,170.157,Neutral,Good,Yes,No,4.90698,0.412432,68.4239
7.8305,58.5684,36.8393,104.938,Neutral,Damaged,No,Yes,3.63823,3.0571,156.864
5.87191,390.495,73.4247,348.942,La_Nina,Damaged,No,Yes,4.84204,1.00238,94.4867
0.104459,45.0392,11.9909,19.2399,El_Nino,Good,Yes,No,2.29591,1.63256,25.1375
6.49489,165.373,197.257,306.101,La_Nina,Good,No,No,2.47633,4.36812,222.454
5.25047,39.0993,45.2722,102.006,Neutral,Damaged,No,No,2.65525,0.0208481,94.6671
3.01869,224.165,16.3485,95.743,Neutral,Good,No,No,4.95265,1.08095,23.1811
1.44663,15.5512,5.94837,14.7556,El_Nino,Good,Yes,No,2.84574,0.630789,21.5004
1.24987,21.9278,35.6737,6.2413,El_Nino,Good,Yes,No,3.53925,0.984625,15.3871
0.215271,22.1014,49.3406,174.682,Neutral,Good,No,No,4.88051,1.06653,23.3991
1.49282,51.678,33.3184,12.0214,El_Nino,Dead,No,Yes,4.16018,0.665497,99.5799
9.96252,367.984,172.149,78.5416,Neutral,Damaged,No,No,4.49183,0.368967,71.7445
3.36387,224.561,68.3628,337.826,La_Nina,Good,No,No,2.70125,4.03752,325.202
0.462313,26.3136,12.2662,4.28859,El_Nino,Good,Yes,No,2.82478,4.64866,292.214
6.78268,42.8567,18.7996,128.677,El_Nino,Damaged,No,Yes,3.75268,0.00756923,37.7017
1.94874,363.635,110.412,146.3,Neutral,Good,No,No,4.92425,1.86548,82.2898
0.138593,39.4314,45.4188,47.9311,El_Nino,Good,Yes,No,3.77709,0.353653,19.007
4.97359,307.904,60.9033,66.2576,Neutral,Damaged,Yes,No,4.94234,3.3686,384.008
0.377504,65.6409,22.1418,14.6236,El_Nino,Good,Yes,No,4.47553,1.54486,9.46475
1.23349,51.9361,6.72668,7.95717,El_Nino,Damaged,No,Yes,2.52191,1.04616,87.0482
3.22794,336.287,146.966,359.677,La_Nina,Good,No,No,3.1907,7.64851,372.511
1.45446,249.167,124.431,152.493,Neutral,Good,No,No,4.07712,1.82828,61.8287
0.166018,365.168,111.329,133.398,Neutral,Good,No,No,2.92344,1.55671,8.01183
1.41387,65.9909,61.9308,10.4371,El_Nino,Damaged,No,Yes,2.43406,1.80158,11.36
0.70269,104.275,57.0013,174.921,Neutral,Damaged,No,No,2.59587,1.17104,99.266
1.84711,26.9198,13.0721,160.033,La_Nina,Damaged,Yes,No,0.978123,0.661865,203.218
6.31201,45.5833,64.025,186.929,La_Nina,Good,Yes,No,3.62945,5.54355,234.086
1.18251,41.7649,61.9773,198.226,Neutral,Good,No,Yes,4.98836,1.79859,99.3822
0.965875,9.17556,26.9036,97.6007,El_Nino,Good,Yes,No,3.82028,1.78957,15.8525
0.726391,346.231,193.622,190.496,El_Nino,Damaged,No,Yes,4.46213,3.4884,380.837
4.36873,63.2957,28.5141,141.249,Neutral,Good,Yes,No,4.35946,1.6484,70.337
7.28225,35.0656,41.8997,204.226,La_Nina,Good,Yes,No,2.68062,3.56231,124.674
0.851628,1.34187,32.1852,19.7882,El_Nino,Good,Yes,No,2.73651,1.70986,334.813
8.29993,110.505,138.409,57.3673,Neutral,Good,No,No,4.59911,8.19944,381.743
7.74909,364.079,67.8703,172.74,Neutral,Good,No,No,3.79425,1.46905,52.4545
5.51303,67.3241,40.1834,148.722,Neutral,Good,Yes,No,3.52632,1.91985,27.8211
1.63943,333.046,145.229,170.255,El_Nino,Damaged,No,Yes,0.218762,0.457174,54.0486
1.75691,73.6107,21.4333,80.3388,La_Nina,Good,Yes,No,3.86968,2.14286,176.706
0.846979,46.0333,23.0642,198.574,Neutral,Good,No,Yes,4.22439,0.0331052,63.4265
1.68107,51.0779,13.6316,176.217,Neutral,Good,Yes,No,2.29305,9.68388,249.305
6.86041,18.7024,21.358,126.795,Neutral,Damaged,Yes,No,2.09007,5.28477,158.373
6.3259,151.804,134.036,201.014,La_Nina,Good,No,No,3.13217,3.60783,256.517
3.96766,301.219,48.1522,322.681,La_Nina,Good,Yes,No,3.05222,7.8482,179.986
0.37357,22.9829,54.5252,173.06,Neutral,Good,Yes,No,3.52611,0.603153,0.496634
6.25381,365.818,142.893,151.517,Neutral,Good,No,Yes,4.23075,0.616655,44.7229
1.32202,10.3841,90.2895,5.24099,El_Nino,Dead,Yes,No,3.52757,9.85191,377.551
1.35119,45.6349,75.2106,61.914,Neutral,Good,No,Yes,4.93746,1.301,78.9319
8.11989,305.636,94.1768,377.556,La_Nina,Good,No,No,4.91209,7.14822,323.094
1.63422,44.713,0.675497,176.768,El_Nino,Good,No,Yes,4.7337,0.732649,4.20397
0.163517,157.832,113.356,92.2519,Neutral,Good,Yes,No,2.8669,0.909306,97.3693
9.59407,19.051,14.5564,134.286,Neutral,Damaged,Yes,No,3.20724,0.490662,31.9805
1.28119,9.1557,33.3177,91.057,Neutral,Good,Yes,No,4.44077,4.90329,378.703
0.867955,33.1692,4.80989,37.1342,El_Nino,Damaged,Yes,No,0.143544,0.980021,81.9312
1.82292,55.9884,35.8962,28.2456,El_Nino,Damaged,Yes,No,2.13389,0.86137,29.7548
0.0290838,20.5842,25.5973,60.8334,Neutral,Good,No,No,2.56107,1.81264,40.348
5.61147,299.5,62.6728,119.281,Neutral,Good,No,No,2.76873,0.369577,10.2038
4.04869,234.609,89.0515,69.23,La_Nina,Good,No,No,4.28488,8.61257,322.829
1.36527,110.625,89.4898,131.189,Neutral,Good,No,No,0.873647,1.9163,7.17212
6.01024,378.663,66.574,341.85,La_Nina,Damaged,No,Yes,0.435159,0.515741,92.1058
3.81567,120.083,16.1504,107.439,Neutral,Damaged,Yes,No,2.36347,1.35765,18.1779
8.6476,86.7727,45.2093,185.516,La_Nina,Good,Yes,No,2.82339,0.370346,48.4461
9.69096,50.8394,27.1037,111.449,Neutral,Good,Yes,No,3.00947,5.76913,289.788
7.50056,57.6772,29.8672,63.1187,Neutral,Good,No,Yes,4.02299,7.31793,170.791
5.10239,368.675,98.1815,237.478,La_Nina,Good,No,Yes,4.46954,2.96101,204.754
1.30971,92.334,41.7555,195.598,Neutral,Damaged,Yes,No,2.98341,5.10722,104.258
6.03649,149.41,91.2167,216.734,La_Nina,Good,No,No,2.71405,7.99616,345.689
1.28163,84.5648,35.4905,9.49693,El_Nino,Good,Yes,No,3.4061,0.24493,64.2109
7.61246,111.84,63.2847,78.8632,Neutral,Good,Yes,No,4.81638,8.12849,314.01
0.336195,98.3208,6.55548,56.9027,Neutral,Damaged,Yes,Yes,0.819483,1.18279,78.0242
2.39645,70.023,35.0393,212.655,La_Nina,Dead,No,Yes,4.98446,1.05519,82.4056
1.55247,334.541,75.8045,155.513,Neutral,Good,No,No,2.20495,1.44209,44.6147
0.582366,198.704,73.5441,78.9489,Neutral,Damaged,Yes,No,4.02919,6.99106,308.063
1.6273,86.349,29.691,43.7315,El_Nino,Good,Yes,No,3.69249,9.47791,292.359
5.87274,10.4296,35.5635,192.278,Neutral,Damaged,No,Yes,3.36312,0.663081,41.9004
0.937849,106.463,139.553,54.4603,Neutral,Good,No,No,3.94524,1.07025,75.951
7.50423,90.5035,25.1452,156.036,Neutral,Damaged,No,Yes,2.76583,0.745971,78.6328
7.51952,16.8594,49.1891,162.281,El_Nino,Damaged,Yes,Yes,2.48651,5.65612,345.254
1.90268,10.9579,0.760136,4.85046,El_Nino,Damaged,Yes,Yes,4.09116,1.63591,69.6412
1.82859,56.8662,48.546,88.524,Neutral,Damaged,No,Yes,1.41912,1.21066,232.246
1.00558,102.044,146.334,162.646,La_Nina,Good,No,No,2.47332,1.89007,59.1758
4.42933,133.915,54.2984,373.071,La_Nina,Good,No,No,4.65,0.905628,237.302
6.28324,97.2707,26.1978,105.709,Neutral,Dead,Yes,Yes,4.62873,1.02833,56.6065
0.988639,28.3372,12.4601,16.6937,El_Nino,Damaged,Yes,No,3.74707,0.635735,40.9024
0.605276,30.4765,41.4946,28.2379,El_Nino,Dead,No,Yes,2.21431,0.358632,71.8718
0.217333,75.3997,42.9432,29.8154,El_Nino,Damaged,Yes,No,3.09617,5.02148,199.485
0.749608,40.1738,53.74,18.8334,El_Nino,Damaged,No,Yes,1.70312,0.113117,97.0384
1.02978,68.0616,8.04729,85.565,Neutral,Good,No,No,4.21061,4.07605,398.897
6.96487,339.521,86.1606,128.826,Neutral,Good,No,No,3.50789,0.969974,83.7958
7.13128,12.7456,27.9206,149.485,Neutral,Good,No,Yes,2.77966,0.244381,25.4058
1.74333,21.5229,2.95847,29.2893,El_Nino,Good,Yes,No,2.29621,0.331253,11.3734
6.62924,122.432,88.8404,222.392,La_Nina,Dead,No,No,3.40341,0.714152,239.789
1.23395,15.0207,3.74461,200.722,Neutral,Damaged,No,Yes,1.8479,1.47991,33.1859
1.91993,67.3997,38.2151,22.3732,El_Nino,Damaged,Yes,No,4.97809,0.349035,64.8653
2.12706,76.7886,16.5455,73.8711,Neutral,Good,No,No,2.10931,1.84111,74.5948
6.72744,61.2538,5.80133,187.428,Neutral,Good,No,No,2.25938,0.947637,71.8788
0.271376,285.553,116.117,111.256,Neutral,Good,No,No,2.84554,8.77969,16.0127
2.65874,89.8913,36.5584,54.8811,Neutral,Good,No,Yes,3.61057,5.23209,112.959
7.02977,97.3938,6.41578,105.978,Neutral,Good,Yes,No,3.1449,6.02929,322.423
0.44273,3.84935,67.6537,187.67,Neutral,Damaged,Yes,No,3.99184,3.70888,157.408
1.04439,45.4866,15.2479,45.3288,El_Nino,Good,Yes,No,4.74467,0.516465,18.3078
8.79437,29.0344,31.0974,154.057,Neutral,Damaged,No,Yes,4.65617,9.50101,102.94
8.71026,193.983,135.518,244.743,La_Nina,Damaged,No,No,2.54462,4.73415,339.689
0.335087,10.3924,33.1887,98.9105,Neutral,Good,Yes,No,4.94626,9.40399,169.474
1.47772,73.8665,35.6013,21.8585,El_Nino,Good,No,No,4.87931,0.55447,68.3378
3.61198,290.297,13.1137,97.5847,Neutral,Good,No,No,3.98641,1.03299,51.7809
6.49592,74.7699,4.40544,107.407,Neutral,Damaged,Yes,No,2.52837,1.52719,24.4602
1.11494,58.103,13.4376,105.541,Neutral,Good,Yes,No,3.35428,2.69439,118.482
1.47924,35.3593,18.7144,142.994,Neutral,Damaged,No,No,1.33528,0.0755197,36.0545
0.155179,15.6874,3.43923,58.3945,Neutral,Good,Yes,No,0.701464,9.1095,354.508
0.767809,397.448,136.74,35.1083,El_Nino,Damaged,Yes,No,2.57512,0.281051,50.1915
0.263387,36.2225,43.5017,18.8981,El_Nino,Damaged,Yes,No,4.27569,0.491822,91.0097
5.76878,196.214,84.3364,390.618,La_Nina,Good,No,No,3.28654,7.61116,314.876
0.292746,68.591,40.9171,14.8201,El_Nino,Damaged,Yes,No,3.13687,0.477084,30.7483
0.917928,203.996,15.9881,178.975,Neutral,Good,No,No,4.78653,0.209513,1.22379
2.26564,35.3978,4.87942,53.5293,Neutral,Good,Yes,No,4.3274,1.60721,22.0231
1.36603,79.559,39.2051,1.16456,El_Nino,Good,No,Yes,4.83167,1.85129,91.0398
1.29506,99.3379,28.7457,114.657,Neutral,Damaged,No,Yes,0.142356,1.09386,113.394
9.445,246.966,68.9753,54.3763,Neutral,Good,No,No,4.90297,9.58447,147.256
1.99938,21.7791,28.3842,104.655,Neutral,Dead,No,No,3.58143,5.20992,137.1
1.5661,90.3418,12.5085,144.708,La_Nina,Good,Yes,No,4.49423,1.10028,72.1386
5.95034,70.5251,13.3246,69.4079,Neutral,Good,No,No,2.69636,4.45513,23.4548
7.82865,327.322,122.07,125.929,Neutral,Good,No,No,2.16747,2.57535,152.315
4.11178,7.02775,44.9084,340.72,La_Nina,Good,Yes,No,2.00574,7.84097,291.841
0.288856,232.715,91.7294,102.436,Neutral,Damaged,No,Yes,4.13139,0.453656,55.877
8.24048,247.091,129.202,158.372,El_Nino,Good,Yes,No,4.82104,2.63973,197.96
6.49253,140.249,15.3655,252.161,La_Nina,Good,No,No,2.54364,7.52721,358.896
5.92655,263.555,92.0431,388.728,La_Nina,Good,Yes,No,3.32879,2.01029,368.614
8.64883,160.874,152.846,124.447,Neutral,Damaged,Yes,No,2.16456,6.77162,326.891
8.93818,315.093,152.915,185.199,Neutral,Damaged,No,No,3.30442,1.56182,23.9296
1.39795,19.7461,16.9523,38.869,El_Nino,Damaged,No,Yes,3.66337,1.41739,50.8692
4.58697,3.06926,24.5992,97.1369,La_Nina,Good,No,No,3.31437,7.4049,345.98
7.56264,2.88542,46.4465,61.8768,Neutral,Good,Yes,No,3.47563,9.10045,109.478
0.564237,31.2597,15.6051,31.9451,El_Nino,Good,Yes,No,1.15469,1.61923,14.4455
0.756126,76.7718,1.8878,92.3565,Neutral,Damaged,No,No,1.50939,1.57053,109.611
3.78865,206.059,14.6381,136.23,Neutral,Good,Yes,No,2.86929,9.51484,253.548
1.97014,30.4677,90.7531,65.0032,Neutral,Damaged,Yes,No,3.73448,4.40125,174.703
5.58815,31.96,10.645,106.695,Neutral,Damaged,No,Yes,4.70689,1.84085,7.09122
6.79107,307.998,115.892,137.723,Neutral,Good,No,No,4.86971,0.207123,52.6323
1.74259,46.9639,45.6742,15.7364,El_Nino,Good,Yes,No,2.68238,0.930303,93.2509
6.69696,57.4309,46.5596,104.441,Neutral,Dead,Yes,No,2.17858,3.08841,316.459
5.77845,318.723,106.798,344.486,La_Nina,Damaged,Yes,Yes,2.39596,0.598101,70.8344
1.21104,124.057,156.46,2.34732,El_Nino,Dead,Yes,No,4.99011,0.172684,81.7098
1.73876,27.8087,0.589508,129.805,Neutral,Good,No,No,3.84799,9.46879,128.609
6.83555,288.849,86.3838,329.876,La_Nina,Good,No,No,2.45632,6.52681,302.857
1.41287,380.517,160.195,139.891,Neutral,Good,No,No,4.08407,0.358017,27.9315
4.69196,380.505,82.2402,109.323,Neutral,Good,No,No,4.16143,1.44704,89.3312
0.531453,175.925,155.499,392.472,La_Nina,Good,No,No,1.54732,1.17442,126.176
7.78,5.82073,44.1973,89.0676,Neutral,Good,Yes,No,2.21536,7.10553,278.152
1.84809,95.8906,8.42197,39.7899,El_Nino,Damaged,Yes,No,2.52338,0.656022,6.21541
8.0808,308.093,98.7512,165.595,Neutral,Good,No,No,4.26305,1.51533,97.6657
1.07352,296.473,71.9878,170.755,Neutral,Good,No,No,4.68688,0.840976,33.4655
6.27964,35.203,33.7986,63.2898,Neutral,Damaged,No,Yes,4.40549,0.768942,3.60388
0.0272665,150.736,146.998,85.0248,Neutral,Damaged,Yes,No,2.11267,2.30314,157.186
0.107868,217.567,174.196,115.5,Neutral,Good,No,No,2.71359,8.37106,250.884
8.44565,59.6152,115.627,170.336,Neutral,Good,Yes,No,3.77102,3.8763,182.098
9.50374,38.4175,8.98802,157.383,Neutral,Damaged,Yes,No,4.81228,0.73907,23.3872
6.59389,232.793,35.8423,266.581,La_Nina,Good,No,No,4.94691,4.90908,228.095
8.24065,247.092,88.4469,121.299,Neutral,Damaged,No,No,4.27342,1.02604,78.3607
9.03695,157.801,96.4388,90.7077,Neutral,Damaged,No,No,4.94206,1.37629,22.556
6.24507,253.634,72.2861,320.492,La_Nina,Damaged,No,Yes,4.55246,1.53939,78.6379
6.34444,378.32,66.4005,106.537,Neutral,Good,No,No,3.98392,8.78485,98.8587
0.827709,39.606,26.2219,138.043,La_Nina,Good,Yes,No,1.97725,1.6762,54.911
8.69568,66.782,12.1599,184.361,La_Nina,Good,No,No,3.67929,9.10057,385.661
5.27256,289.364,111.585,190.3,Neutral,Damaged,No,No,3.8886,2.19248,268.816
0.883839,13.5559,16.1707,146.926,Neutral,Damaged,Yes,Yes,1.2134,1.19774,72.3007
3.30184,335.789,64.556,128.547,El_Nino,Good,No,No,3.53422,0.772047,1.42864
9.68731,88.083,0.715215,88.182,Neutral,Damaged,Yes,No,2.7104,6.71842,162.423
7.02175,0.303415,9.48578,101.446,Neutral,Damaged,No,Yes,2.50858,0.64352,85.4005
0.742088,195.99,133.336,146.88,Neutral,Good,No,No,2.77413,1.09521,39.7559
8.29395,287.765,36.3252,341.733,La_Nina,Damaged,No,No,3.48373,1.53,385.049
1.5466,272.005,141.11,193.739,Neutral,Good,No,No,3.96699,0.455626,70.7161
4.91662,15.5974,44.2586,107.374,Neutral,Damaged,Yes,Yes,3.89087,1.58159,14.8763
7.72198,166.928,13.4991,280.075,Neutral,Good,Yes,No,4.01038,0.330863,349.002
0.691083,46.0644,37.5756,7.52956,El_Nino,Good,Yes,No,3.21013,1.19627,54.8852
1.75275,17.4699,57.0667,27.9731,El_Nino,Good,Yes,No,2.87167,0.830516,70.9585
7.99963,142.44,82.844,194.786,Neutral,Good,No,No,2.08444,1.51239,50.7636
8.20549,43.5768,47.6727,198.753,Neutral,Good,No,Yes,3.37547,1.9907,95.3729
3.99476,14.2928,42.1188,89.6275,Neutral,Damaged,No,Yes,2.84092,6.70434,214.078
4.35691,208.788,85.0195,196.173,Neutral,Damaged,No,No,4.79623,0.0153962,31.6179
2.55666,39.9378,47.9183,134.201,Neutral,Damaged,No,Yes,4.77709,0.428027,92.3549
9.21161,4.78839,44.3407,190.762,La_Nina,Damaged,Yes,No,4.00033,9.00842,149.173
0.852147,10.4972,18.8079,180.516,Neutral,Damaged,Yes,No,3.67679,1.70856,46.1898
8.36146,107.068,99.5449,94.5391,Neutral,Good,No,No,2.79368,9.97045,123.899
0.954686,7.33629,43.1184,18.2386,El_Nino,Damaged,No,Yes,3.49292,1.6221,28.5675
1.4743,299.858,50.9384,119.291,Neutral,Good,Yes,No,2.50416,5.50266,358.509
0.11697,45.5304,35.6718,141.335,Neutral,Damaged,No,No,2.42472,1.81938,99.4447
1.34118,49.9095,31.976,89.8891,Neutral,Good,Yes,No,3.3225,9.64922,319.763
1.1332,299.213,196.321,101.05,Neutral,Damaged,No,Yes,0.321654,1.89604,53.3819
9.99911,117.758,169.014,101.325,Neutral,Good,No,Yes,3.65674,1.73565,56.97
5.15379,9.3552,151.188,184.232,Neutral,Good,No,No,4.84093,0.940572,29.4508
4.15354,168.175,76.4474,159.986,Neutral,Damaged,No,No,4.79997,5.79127,261.804
8.02159,41.5631,42.9575,65.6286,Neutral,Good,Yes,No,3.03499,3.47288,371.385
1.6491,24.9685,42.9419,14.2081,El_Nino,Good,Yes,No,3.1145,0.889196,63.4303
1.45388,322.232,70.6993,152.305,Neutral,Damaged,No,Yes,2.68808,1.6577,39.3771
0.707345,86.0703,46.3931,195.074,Neutral,Good,Yes,No,2.90776,0.851269,52.8961
0.281628,26.1075,28.5089,152.284,Neutral,Good,Yes,No,2.26056,0.562956,82.7264
8.1328,66.7975,13.5337,292.878,La_Nina,Good,Yes,No,4.4435,4.58895,223.582
1.24222,44.4352,15.4322,13.6486,El_Nino,Good,Yes,No,2.41835,1.22374,85.952
1.45097,79.4912,12.8001,178.288,Neutral,Damaged,No,Yes,3.2352,0.901754,50.4977
1.40702,48.8562,45.3369,42.1427,El_Nino,Good,Yes,No,2.85964,1.71206,21.4552
6.31441,287.901,9.6579,144.674,Neutral,Damaged,Yes,No,3.43069,0.26225,141.16
7.74706,385.213,79.5871,135.67,Neutral,Damaged,Yes,Yes,2.2618,0.173216,89.728
0.150185,5.57614,42.8863,145.273,El_Nino,Good,Yes,No,4.05396,4.86526,209.257
8.22264,262.68,180.333,195.863,Neutral,Good,No,No,4.48704,1.76842,388.626
9.04509,0.866859,27.105,72.4665,Neutral,Good,Yes,No,2.04772,9.31113,169.926
8.5719,364.204,172.281,301.009,La_Nina,Good,No,No,3.49418,0.0561003,1.66463
9.01328,76.4879,17.0521,353.71,La_Nina,Good,No,No,3.36184,0.999374,22.6709
4.3448,367.737,22.7286,126.674,Neutral,Damaged,No,No,4.26948,1.24589,10.6726
1.93466,42.9741,48.2066,35.5712,El_Nino,Good,Yes,No,3.90244,1.36646,24.5882
0.64875,324.54,146.042,180.835,El_Nino,Damaged,No,No,2.48071,0.595652,81.4033
1.65684,149.904,136.838,164.84,Neutral,Damaged,No,No,2.96781,1.40978,69.7365
3.44458,339.244,63.5117,236.278,La_Nina,Good,No,No,3.81082,7.48233,328.254
0.903023,271.97,133.921,79.6667,Neutral,Damaged,No,No,4.97973,0.582244,99.5641
4.08783,105.104,14.7076,159.119,Neutral,Good,Yes,No,2.65925,5.52417,120.739
0.463548,59.7567,1.12955,125.97,Neutral,Good,Yes,No,3.03801,4.36057,265.571
7.38771,49.0219,23.0004,170.628,Neutral,Damaged,Yes,No,2.46031,1.54703,251.56
0.793985,35.3253,7.73737,16.2751,El_Nino,Good,Yes,No,1.574,1.52107,321.772
0.575573,301.247,125.838,90.1063,Neutral,Good,No,No,2.94059,0.274772,71.5089
6.51703,163.255,26.2734,127.705,Neutral,Good,No,No,4.42688,0.386668,94.7079
3.85128,98.7948,17.9217,60.1136,Neutral,Damaged,No,Yes,2.36708,0.567651,32.3755
2.04743,302.326,186.242,232.95,La_Nina,Good,No,No,4.88621,6.8368,366.131
7.50773,76.8174,12.0686,127.004,Neutral,Damaged,No,Yes,3.91636,0.292905,38.7144
0.254142,2.60818,65.6685,20.706,El_Nino,Good,Yes,No,2.83239,0.706014,48.3899
1.01553,219.251,55.4553,141.428,Neutral,Good,No,No,0.762829,1.6005,96.4355
5.66898,111.195,34.6361,278.817,La_Nina,Good,No,No,4.77499,6.898,197.351
1.84874,86.0361,46.3556,50.3805,El_Nino,Good,Yes,No,2.61818,0.504115,85.5155
2.43373,96.0621,44.5087,55.2124,Neutral,Good,Yes,No,2.86605,7.41456,172.45
3.69261,116.042,71.1544,388.695,La_Nina,Good,No,No,4.90905,5.0116,182.3
9.72234,80.7297,24.0993,71.7358,Neutral,Good,Yes,No,3.07003,8.87286,396.301
6.96638,33.4367,23.4611,129.531,Neutral,Good,No,No,2.08431,1.09612,36.2932
2.56025,70.0371,30.7099,76.8105,Neutral,Damaged,Yes,No,4.4454,5.30496,222.293
0.56295,39.1692,83.3688,34.8933,El_Nino,Damaged,Yes,No,3.37103,0.600416,45.0236
6.40564,19.6847,4.55522,381.826,La_Nina,Damaged,Yes,Yes,4.61785,7.46484,243.06
1.79437,57.4317,42.883,183.918,Neutral,Good,Yes,No,4.88551,0.155865,8.15573
0.234938,27.8904,133.083,3.39819,El_Nino,Good,Yes,No,3.31826,1.62559,78.6724
3.95521,374.032,37.653,171.204,Neutral,Good,Yes,No,2.17174,1.27192,80.9346
7.67785,32.5002,46.6186,173.334,Neutral,Damaged,No,Yes,3.99197,0.0561003,99.0024
9.27445,194.487,89.2338,329.563,La_Nina,Good,No,No,3.65559,2.35528,301.366
0.382319,69.7641,27.0685,24.7573,El_Nino,Good,Yes,No,2.76681,1.53085,75.6276
1.73969,241.172,185.277,111.448,Neutral,Good,No,No,1.72659,0.879478,12.2647
1.6702,77.7217,39.0343,163.231,Neutral,Damaged,No,Yes,4.00274,0.534143,77.6546
6.55399,71.9621,10.5783,98.6242,Neutral,Good,No,No,3.28148,1.71921,53.1561
5.35768,146.879,96.5356,252.908,La_Nina,Good,Yes,No,2.81363,1.17931,299.381
0.587681,374.557,124.587,115.224,Neutral,Good,Yes,No,2.42052,4.61331,175.322
3.57791,1.3656,8.03457,105.515,Neutral,Good,Yes,No,2.0801,1.41517,89.6734
0.610453,319.33,60.7393,188.989,Neutral,Damaged,No,No,1.21799,1.21489,6.77882
5.63496,356.625,29.7702,178.877,Neutral,Good,No,No,3.75111,0.475401,57.4834
1.17386,19.8069,73.0895,108.475,Neutral,Good,No,No,3.61133,5.31837,263.42
4.62512,117.24,76.9174,295.989,La_Nina,Good,No,No,4.29777,1.7022,87.3597
0.680091,124.939,183.946,120.319,Neutral,Good,No,No,3.85804,4.68337,139.722
2.4645,42.0642,50.9354,156.547,Neutral,Damaged,Yes,No,2.99843,4.87961,390.713
0.583474,98.1634,49.9053,45.044,Neutral,Good,Yes,No,3.17435,1.3146,28.5944
2.81909,21.2862,44.2577,158.437,Neutral,Damaged,Yes,No,2.05936,0.316515,40.0588
5.69932,73.4138,4.51052,95.3784,Neutral,Good,Yes,No,2.21036,0.669935,17.9005
0.858723,24.2739,16.8217,12.1073,El_Nino,Good,Yes,No,2.31595,0.91509,1.08555
2.21159,333.272,58.4291,115.793,Neutral,Good,No,No,4.33841,0.215382,25.7315
0.365208,18.4735,56.3298,97.3744,La_Nina,Good,Yes,No,3.45244,5.94523,92.7789
5.76961,152.857,51.0337,72.9041,Neutral,Good,No,No,3.64842,1.98495,61.4603
4.10984,136.195,91.7714,131.785,Neutral,Good,No,No,2.64289,7.06686,295.513
6.26648,46.2878,47.1345,120.115,Neutral,Good,Yes,No,3.88015,1.24777,8.07831
0.566953,29.8755,13.8277,45.8147,El_Nino,Good,Yes,No,3.80802,8.18103,378.955
5.46051,117.982,28.2207,339.851,La_Nina,Damaged,No,Yes,2.86257,1.11551,49.012
6.26104,95.1985,29.1542,91.1046,Neutral,Dead,No,Yes,2.17653,0.787516,95.7648
2.03517,300.699,12.2146,65.2313,Neutral,Good,No,No,2.41812,0.690642,61.0444
9.85556,292.532,162.926,136.164,Neutral,Good,No,No,4.73361,0.95836,48.7071
1.38906,4.84542,21.1454,46.5549,El_Nino,Good,Yes,No,3.17324,0.938359,1.58867
0.0682384,15.5498,44.2221,137.956,Neutral,Good,Yes,No,4.58307,4.51468,182.371
2.64349,215.523,137.625,152.844,Neutral,Good,No,No,2.16258,1.85383,64.1559
0.235152,48.1202,24.7692,174.23,Neutral,Damaged,No,No,3.99572,0.959575,16.242
6.76638,86.3694,47.8614,200.233,Neutral,Good,Yes,No,4.50619,1.04461,245.567
1.274,149.197,100.363,72.2607,Neutral,Good,No,No,1.13262,0.524363,81.3791
3.62697,314.373,91.5678,346.013,La_Nina,Damaged,No,Yes,2.12313,1.88204,54.6833
2.76591,304.938,109.776,341.149,La_Nina,Good,No,No,2.46393,0.932524,0.114066
0.652439,2.77121,38.1905,155.24,Neutral,Good,Yes,No,2.84689,0.703632,76.1935
1.68745,40.4403,9.44661,91.4546,Neutral,Good,Yes,No,3.13189,4.85555,216.606
0.790883,313.273,146.36,42.0783,El_Nino,Damaged,Yes,No,4.76461,0.749357,65.3033
4.14011,350.463,66.3812,218.644,La_Nina,Good,No,No,3.23203,6.80363,273.993
4.77197,54.2894,25.146,156.496,Neutral,Good,No,Yes,2.46105,1.837,9.52535
1.33778,193.025,115.728,114.519,Neutral,Good,No,No,4.50996,1.83168,10.1074
0.486381,361.475,193.424,193.548,Neutral,Good,Yes,No,3.51784,1.21448,15.6052
2.119,388.51,194.449,160.978,Neutral,Damaged,No,No,3.60172,0.653245,61.5926
1.74706,51.1679,13.8118,177.353,Neutral,Damaged,No,Yes,2.34732,8.35927,61.0966
0.826343,2.87882,43.6423,154.537,Neutral,Good,Yes,No,4.06145,7.87753,181.205
1.48698,26.5367,37.2614,95.371,Neutral,Good,No,No,2.08214,7.96854,217.503
0.0778101,77.6663,49.1216,3.99525,El_Nino,Good,Yes,No,0.372028,0.736376,59.4569
9.80944,178.304,57.1229,54.527,La_Nina,Good,No,No,2.45446,9.35241,344.585
3.43143,152.298,0.199346,339.045,La_Nina,Good,Yes,No,3.25883,6.87615,152.098
9.83358,37.5738,26.7521,179.637,Neutral,Good,Yes,No,4.94208,4.47899,369.644
0.833113,272.535,124.853,102.792,Neutral,Good,Yes,No,0.332343,8.01721,301.3
1.57892,22.4179,30.2235,16.6473,El_Nino,Good,Yes,No,4.20059,1.56151,88.5776
1.32242,11.1518,21.9291,61.0453,Neutral,Damaged,No,Yes,1.08399,1.10879,38.9283
1.12096,89.8609,93.9657,58.5275,Neutral,Good,Yes,No,2.67178,4.20289,359.609
7.51667,299.442,50.2943,137.948,Neutral,Good,Yes,No,4.50636,8.24344,356.771
3.48858,65.8859,42.7086,107.619,Neutral,Dead,No,Yes,4.65211,0.818377,36.7276
8.14973,32.4684,56.2793,152.4,Neutral,Damaged,No,Yes,2.34969,0.949784,34.6039
6.04739,123.886,55.4356,3.13908,El_Nino,Damaged,No,Yes,2.16717,1.49903,43.8554
1.40723,4.02047,15.5959,105.695,Neutral,Damaged,Yes,No,2.27524,9.14485,194.604
3.56219,72.6484,7.23605,82.7584,Neutral,Good,No,No,4.27445,9.69246,203.99
1.34123,95.5426,16.1222,32.5889,El_Nino,Good,Yes,No,3.62505,1.58054,89.76
1.17339,92.7617,75.5178,22.6058,El_Nino,Damaged,No,Yes,2.92271,1.30411,23.9003
0.739373,1.60777,14.8988,34.6892,El_Nino,Good,Yes,No,1.40101,1.18772,28.2764
3.69186,176.716,42.2991,60.9056,Neutral,Good,No,No,2.05469,1.08177,37.6211
6.68206,43.6964,46.435,116.395,Neutral,Damaged,No,No,3.62278,7.80023,263.726
0.00693952,130.769,89.2962,100.998,La_Nina,Good,No,No,0.906783,1.03522,48.1196
4.47517,309.22,96.8629,361.765,La_Nina,Good,Yes,No,1.9321,1.91616,300.571
1.17789,27.405,46.1222,183.699,Neutral,Good,No,No,3.55111,3.48032,156.205
1.12646,141.938,111.139,52.3289,Neutral,Good,Yes,Yes,0.0233742,1.33885,148.176
6.09264,58.6341,27.7461,173.807,Neutral,Good,No,Yes,4.3816,6.35599,261.51
7.0942,183.641,188.679,57.5874,Neutral,Good,Yes,No,3.90106,2.20193,310.707
3.07375,193.375,191.069,132.463,El_Nino,Good,Yes,Yes,2.76147,1.24334,24.1494
0.567214,90.618,40.5525,52.4488,Neutral,Good,Yes,No,2.87988,9.95588,295.806
1.19085,291.968,118.288,3.85615,El_Nino,Good,Yes,No,4.55425,1.45883,91.2715
7.04875,58.4351,3.01764,173.865,Neutral,Good,Yes,No,4.30982,4.06108,273.702
3.52294,98.1196,0.427274,188.826,Neutral,Good,No,No,2.63443,1.21761,88.1203
1.36727,84.5329,44.8758,63.1346,Neutral,Good,Yes,No,3.85283,6.076,194.807
8.62305,224.595,77.0555,90.5807,Neutral,Good,No,No,3.86742,2.65138,228.58
0.715059,66.2341,67.6726,168.049,Neutral,Damaged,No,No,3.19039,6.4768,117.314
5.69989,181.132,70.5692,382.14,La_Nina,Good,No,No,3.33467,2.66742,148.241
6.6656,285.474,51.4096,255.479,La_Nina,Good,No,No,3.1322,1.00967,98.2246
0.0545441,39.3422,56.3176,9.80483,El_Nino,Damaged,Yes,No,4.06694,1.65843,6.73811
1.36077,336.35,103.669,70.5381,Neutral,Good,No,No,2.94109,2.60554,245.917
1.81352,343.178,52.4124,156.51,Neutral,Good,No,No,3.82902,6.42144,64.5457
0.890956,17.9954,111.114,1.32014,El_Nino,Good,Yes,No,4.98203,0.491171,31.3759
5.86268,192.204,49.7503,317.097,La_Nina,Good,No,No,4.11141,9.11915,237.349
1.61098,318.905,118.118,66.2756,Neutral,Good,No,No,4.91397,1.10855,67.4566
9.4274,28.1938,37.7958,90.8903,Neutral,Damaged,No,Yes,4.60691,1.51829,39.6731
6.35409,91.8765,2.73376,52.9653,Neutral,Good,Yes,No,2.48216,5.31189,225.321
1.54228,52.7794,45.5059,188.336,El_Nino,Good,No,No,3.8146,1.50723,11.6919
6.89716,223.198,46.7752,303.752,La_Nina,Good,Yes,No,1.96543,1.46848,301.08
4.20459,286.429,171.644,173.003,Neutral,Good,No,No,4.39395,0.402437,51.9732
2.99462,75.1561,15.5997,174.687,Neutral,Damaged,No,Yes,4.10772,3.46311,352.483
9.4506,274.846,65.2278,289.938,La_Nina,Good,No,No,4.76583,1.20297,82.7398
2.98128,37.0663,42.2434,89.1542,Neutral,Dead,No,Yes,2.91122,0.522649,52.8258
0.923579,196.581,138.99,144.967,Neutral,Good,No,No,4.49082,1.42553,89.0376
8.80105,292.634,88.295,267.234,La_Nina,Damaged,No,Yes,3.20194,7.20155,173.169
1.99434,67.5195,31.9234,45.3282,El_Nino,Good,No,No,0.645093,0.262873,73.7294
1.07469,71.1528,38.5104,30.205,El_Nino,Dead,No,No,2.35774,1.47719,88.9646
4.11909,84.9237,1.43103,56.287,El_Nino,Good,Yes,No,2.6971,7.51392,306.266
0.988667,74.5542,38.1962,32.337,El_Nino,Good,Yes,No,4.00145,0.708193,92.7885
2.03011,10.2277,22.3378,135.97,La_Nina,Good,Yes,No,4.01585,3.93747,375.177
7.06516,84.4417,8.84337,184.867,Neutral,Good,No,No,3.26953,0.414029,8.33713
1.1401,54.2218,31.0346,43.4879,El_Nino,Good,Yes,No,3.73848,0.732809,79.6145
1.43761,74.1994,6.33093,133.046,Neutral,Good,Yes,No,2.70657,7.20309,391.614
1.03599,150.231,91.8255,37.2483,El_Nino,Good,Yes,No,4.39904,0.413297,18.4912
2.19142,270.798,91.1213,237.31,La_Nina,Good,No,No,3.93196,6.10832,112.937
3.1656,4.7364,13.0343,173.874,Neutral,Good,Yes,No,3.33167,1.17809,85.3132
7.87025,6.12177,3.99945,112.768,Neutral,Damaged,No,Yes,3.40161,1.57766,33.0375
1.25594,378.211,119.255,70.8264,Neutral,Good,Yes,No,0.726395,0.55763,373.074
7.69167,281.733,98.376,101.948,Neutral,Good,Yes,No,4.97479,0.226038,161.606
4.29155,57.8253,48.533,53.6898,Neutral,Good,Yes,No,2.12535,9.37753,223.382
1.93786,309.145,68.6642,93.2179,Neutral,Good,Yes,No,3.28546,8.16592,171.397
0.759009,49.2082,20.1444,20.2604,El_Nino,Dead,Yes,No,1.15055,1.31131,265.026
1.36163,59.6633,66.9,40.1967,El_Nino,Good,No,Yes,4.20851,9.06951,86.1711
5.40138,379.908,45.2004,341.206,La_Nina,Good,Yes,No,2.36165,4.66933,258.849
1.89779,12.8484,1.12814,179.31,Neutral,Good,No,No,4.87003,0.0190193,30.304
1.52411,39.4496,12.2497,167.317,Neutral,Damaged,No,Yes,0.611405,1.62187,27.7964
4.06713,214.897,85.3735,333.328,La_Nina,Good,Yes,No,2.23873,8.46133,165.741
5.21411,203.164,112.526,251.309,La_Nina,Dead,No,Yes,3.98722,1.89295,18.4074
1.43127,51.5156,23.5757,30.0685,El_Nino,Damaged,Yes,No,0.513266,0.589774,52.6808
0.40594,74.7534,18.6021,41.7982,El_Nino,Good,Yes,No,2.54242,0.611197,99.0608
1.01756,31.0748,43.602,48.9292,El_Nino,Good,Yes,No,3.04053,1.95986,99.1586
0.932958,219.504,182.983,147.676,Neutral,Good,Yes,No,3.40768,1.75826,54.3227
0.733148,14.0248,61.1713,44.3873,El_Nino,Damaged,Yes,No,3.05947,0.89057,3.21144
7.1359,22.4954,56.5156,91.2207,Neutral,Good,No,No,3.49204,5.42657,179.558
1.08512,79.0739,27.1636,177.529,Neutral,Damaged,No,No,1.38567,0.472491,76.2444
0.674118,55.7298,69.8539,22.6543,El_Nino,Good,Yes,No,2.51992,1.74026,47.9014
9.3023,231.631,80.4372,239.108,La_Nina,Good,No,No,2.1761,2.10432,245.96
1.17823,53.2435,14.5095,3.6928,El_Nino,Good,Yes,No,2.39992,0.233282,69.7442
8.3391,81.5468,0.832976,223.069,La_Nina,Good,No,No,4.41015,9.32118,171.527
9.90449,282.918,96.5959,89.0375,Neutral,Good,Yes,No,4.18285,9.67315,246.261
0.519009,12.8547,12.5203,145.105,Neutral,Damaged,No,Yes,4.54368,5.78659,384.241
5.5285,80.3684,41.0641,213.206,La_Nina,Damaged,Yes,Yes,3.82833,3.34133,241.417
0.667085,185.044,51.9531,182.825,El_Nino,Damaged,No,No,2.03284,1.44613,70.4499
1.5921,91.2812,26.1945,79.136,Neutral,Good,No,No,2.34375,0.0758562,22.7618
8.62342,320.033,12.0803,185.023,Neutral,Damaged,No,No,2.11589,6.56671,289.908
7.51202,18.9134,11.7387,70.063,El_Nino,Good,Yes,No,2.74696,8.22988,198.195
9.13095,85.4211,4.22501,75.2303,La_Nina,Good,Yes,No,4.42519,3.34566,365.858
3.20477,9.72986,30.8472,96.4635,Neutral,Good,Yes,No,2.45481,8.77866,133.277
0.374824,392.333,106.781,139.014,Neutral,Damaged,No,No,1.77285,0.160695,7.38793
7.52163,315.022,61.9464,222.517,La_Nina,Good,No,No,3.65807,0.57414,60.2949
1.84664,31.0632,7.73541,104.55,Neutral,Good,Yes,No,3.24504,1.88776,11.2002
4.38847,118.182,40.3201,283.942,La_Nina,Good,No,No,3.34894,4.8273,318.169
0.201634,73.7091,33.4103,30.9828,El_Nino,Damaged,Yes,No,4.50746,1.96005,90.5263
9.03859,136.403,56.075,166.571,Neutral,Damaged,No,No,2.82989,1.68401,90.2717
5.99282,376.811,16.828,183.57,Neutral,Good,No,No,4.85468,0.644296,31.6775
0.117302,346.209,23.4255,122.058,Neutral,Good,No,No,3.86266,0.296377,54.6452
2.36909,43.7767,40.5033,59.2573,Neutral,Good,No,No,2.74074,1.44532,28.8979
0.788436,46.007,22.8531,134.865,La_Nina,Damaged,Yes,No,1.03691,0.952867,274.124
0.127898,75.0858,29.5594,42.6481,El_Nino,Good,Yes,No,4.73634,0.47441,44.9323
8.3468,268.917,58.3235,129.782,Neutral,Damaged,Yes,Yes,3.40201,1.92932,50.6541
0.226793,33.9923,88.2162,4.24611,El_Nino,Good,Yes,No,3.41255,1.33638,31.4281
7.50541,288.806,15.8846,51.4843,Neutral,Good,Yes,No,2.98021,1.26637,57.9302
1.31083,39.0977,87.8607,120.242,Neutral,Good,Yes,No,3.78481,7.06099,104.619
5.27862,24.3448,10.8587,129.332,Neutral,Good,No,No,2.31591,1.72557,168.289
4.26355,390.494,34.2613,188.22,Neutral,Good,No,No,3.577,0.27431,50.2865
6.02401,324.709,47.8605,240.496,La_Nina,Good,No,No,3.84921,9.028,212.119
1.5901,87.7861,164.008,6.28693,El_Nino,Damaged,Yes,Yes,2.23803,0.893171,84.6007
0.0415171,93.66,93.1258,167.514,Neutral,Damaged,No,Yes,1.30026,0.23264,74.354
8.35974,246.405,141.822,77.882,La_Nina,Damaged,No,Yes,4.78441,0.145393,45.6243
0.331355,43.2052,17.7864,36.1346,El_Nino,Damaged,No,No,4.87781,0.791539,9.09323
9.86644,113.335,92.6618,265.857,La_Nina,Good,No,No,3.75081,1.93012,61.7254
0.0436335,382.476,24.0335,80.1593,Neutral,Good,No,No,2.60768,1.56179,7.59397
5.70688,216.083,143.104,149.814,Neutral,Good,No,No,2.63924,1.78144,5.70026
3.53607,146.798,13.1148,210.837,La_Nina,Good,No,No,3.1098,3.80825,312.768
4.18265,10.1529,0.0978664,186.205,Neutral,Good,No,No,2.35215,0.349539,55.7076
0.643843,21.0251,42.2877,180.302,Neutral,Good,Yes,No,3.43443,0.258624,80.6597
3.52656,81.0506,10.5654,198.506,Neutral,Good,Yes,No,3.30704,4.90503,312.074
1.45391,109.846,77.3252,147.48,Neutral,Damaged,No,No,3.55961,1.30981,19.1002
8.2895,219.141,63.3848,198.985,Neutral,Good,No,No,2.064,0.6463,71.5565
1.35806,17.9976,34.1901,4.36969,El_Nino,Good,Yes,No,3.65815,0.0454565,31.0101
7.42891,81.9957,27.4894,153.506,Neutral,Good,Yes,No,2.75398,9.66109,382.199
7.90002,32.9144,0.634113,378.327,La_Nina,Damaged,No,Yes,2.50877,1.59105,19.7307
9.30392,222.941,31.485,325.501,La_Nina,Damaged,Yes,No,4.38831,2.27833,248.683
3.90717,197.893,122.465,328.526,La_Nina,Good,No,Yes,0.206291,0.784557,7.75058
8.26807,18.7598,8.88659,243.693,La_Nina,Good,Yes,No,3.5882,9.88269,338.031
5.40914,203.682,59.0237,159.434,Neutral,Good,No,No,4.0074,1.52952,93.6671
5.51894,223.84,65.4058,178.836,Neutral,Good,No,No,2.56965,1.72255,15.9005
1.5345,129.959,128.922,80.7064,Neutral,Good,No,No,3.61868,7.70212,129.675
1.10871,133.445,68.5483,69.7884,Neutral,Good,No,No,4.21317,1.58133,92.0373
9.09879,339.298,87.2276,114.068,Neutral,Good,No,No,4.18335,1.83799,41.8451
2.57054,381.471,21.8,109.349,Neutral,Good,No,No,3.83777,0.48071,78.681
9.09777,22.9727,46.1923,53.3442,Neutral,Damaged,No,Yes,2.16766,1.26197,47.2075
8.89777,68.9536,8.11995,151.162,El_Nino,Good,No,No,4.78717,0.377348,17.907
1.57948,21.1386,81.0457,69.9651,Neutral,Good,No,No,4.43007,0.231018,62.9801
1.8361,378.585,69.5498,189.338,Neutral,Damaged,No,No,0.622237,0.163123,92.3949
1.53522,60.4147,54.2307,36.122,El_Nino,Dead,No,Yes,2.26336,0.147502,11.1152
0.110096,132.425,163.482,98.8377,Neutral,Damaged,No,Yes,2.78534,6.97862,74.161
7.28737,65.7273,63.1409,132.202,Neutral,Good,No,No,3.35016,0.799345,35.8862
2.40937,194.853,50.1622,316.797,La_Nina,Good,No,No,3.9837,9.42037,398.059
4.15003,275.294,50.0939,286.659,La_Nina,Dead,No,Yes,3.61138,0.193034,52.9598
1.56557,224.293,176.827,100.929,Neutral,Damaged,No,Yes,3.55605,0.70573,58.3816
0.0488382,201.401,181.397,170.647,Neutral,Damaged,Yes,No,2.77023,3.54451,264.182
6.06135,77.2434,40.2466,179.112,Neutral,Good,Yes,No,2.54629,4.36091,320.235
0.860931,85.1082,49.2192,8.32506,Neutral,Good,Yes,No,2.63483,1.81489,22.8076
1.57618,91.552,37.5638,139.991,Neutral,Damaged,No,Yes,2.30232,1.24741,12.8948
7.32999,128.911,99.8133,242.001,La_Nina,Good,No,No,2.80992,6.35864,110.259
7.49508,94.1205,30.2729,64.1704,Neutral,Good,No,Yes,4.63029,3.75432,141.704
8.96877,344.731,76.6445,154.213,Neutral,Good,Yes,No,3.85285,1.18382,393.726
0.431862,170.906,61.0405,180.258,La_Nina,Good,No,No,1.55279,0.799197,76.3831
2.33706,163.037,95.8143,265.602,La_Nina,Good,No,No,2.58554,9.92272,282.709
1.37005,90.9472,8.34772,38.168,El_Nino,Good,Yes,No,3.19352,1.293,84.344
7.32738,184.716,54.6049,285.478,La_Nina,Good,No,No,2.23857,6.70769,200.114
0.207557,79.0739,94.5798,48.0567,El_Nino,Damaged,No,Yes,4.30756,5.83024,292.074
1.73024,44.1859,95.8532,140.016,Neutral,Damaged,No,No,4.75061,0.285216,54.3047
8.6753,96.6893,35.3868,169.514,Neutral,Good,Yes,No,3.85562,3.89766,330.077
1.85935,156.439,82.1284,108.979,Neutral,Good,No,No,4.55878,1.25205,57.3293
1.8296,19.3578,26.1969,56.9217,El_Nino,Damaged,No,Yes,4.0514,1.72083,28.0288
2.50596,282.049,22.402,285.544,La_Nina,Good,No,No,3.53244,2.305,195.393
3.44989,151.402,82.4168,144.588,Neutral,Good,No,No,3.44846,0.824901,45.4615
7.01592,391.042,81.6846,159.95,Neutral,Good,No,No,3.14205,0.442954,68.8571
2.54198,45.7441,47.421,185.729,Neutral,Damaged,Yes,No,4.83735,1.37757,42.0632
3.75184,349.456,66.4112,60.4227,Neutral,Good,Yes,No,3.47713,4.94871,140.369
2.17821,55.9354,47.6718,85.4297,Neutral,Damaged,Yes,No,2.68831,1.14201,88.5575
0.635655,232.391,96.3894,72.1005,Neutral,Good,Yes,No,1.35233,0.583407,111.829
3.13164,174.371,87.2255,105.336,Neutral,Damaged,No,No,3.6529,1.64489,73.1588
2.14406,48.6102,26.812,109.274,El_Nino,Good,Yes,No,3.15055,7.64919,340.518
1.40458,374.354,157.59,97.5122,Neutral,Good,No,No,0.671136,0.67433,245.749
2.09176,266.736,122.599,159.557,La_Nina,Good,No,No,2.79317,0.00109261,79.8414
7.31798,67.8947,16.1095,123.215,Neutral,Damaged,No,No,3.66684,1.85911,19.8378
3.81451,225.334,52.8654,132.217,Neutral,Good,No,No,3.62076,0.0211238,40.8203
6.26211,71.81,12.4705,97.8124,Neutral,Damaged,No,Yes,3.55512,0.0700985,25.3743
1.39793,47.5543,5.12507,156.373,Neutral,Good,Yes,No,3.58162,2.35611,144.204
7.23552,154.389,70.2382,346.055,La_Nina,Good,No,No,2.72139,3.42249,180.762
4.92786,372.567,115.264,264.379,La_Nina,Good,No,No,3.33048,1.88596,348.697
1.3112,5.4838,10.7443,45.1562,El_Nino,Good,Yes,No,2.34441,1.6525,23.0243
9.86937,301.445,77.3798,196.444,Neutral,Damaged,No,Yes,4.94414,0.131196,80.3344
2.79259,52.9031,46.989,159.455,Neutral,Good,Yes,No,2.61197,8.32369,178.604
7.18354,30.5541,10.0124,134.372,Neutral,Good,Yes,No,3.56095,9.30495,332.717
5.47402,31.5279,49.9506,55.5211,El_Nino,Good,No,No,3.98924,0.124541,41.8321
1.55787,15.9632,30.4129,167.552,Neutral,Good,No,No,1.45897,1.15945,59.0593
0.112078,36.0625,4.8057,57.8211,Neutral,Good,Yes,Yes,2.78153,0.419151,56.6015
7.61838,279.228,4.18121,188.861,Neutral,Good,No,No,2.1911,0.417908,5.31057
3.5649,276.778,8.3469,207.627,La_Nina,Good,No,No,2.82834,7.55752,151.686
1.81964,3.38841,64.0473,9.05237,El_Nino,Good,Yes,No,2.0193,0.396872,19.5636
1.35579,246.746,83.437,199.196,Neutral,Damaged,No,No,3.91437,0.0430541,72.3998
1.61207,64.3518,7.42064,15.9401,El_Nino,Damaged,Yes,No,4.63412,9.69999,59.0556
0.346348,39.671,84.0704,26.5244,El_Nino,Good,Yes,No,3.8839,7.47086,336.402
9.97271,95.0975,28.0151,128.691,Neutral,Damaged,Yes,No,3.63874,1.59193,90.0443
6.47598,213.908,51.2218,132.677,Neutral,Damaged,No,Yes,3.75139,1.51665,12.2994
0.483723,51.1427,45.1378,78.8374,Neutral,Damaged,Yes,No,2.8731,1.74689,71.2939
0.642102,202.991,27.9038,77.9604,Neutral,Damaged,No,Yes,4.79973,1.28287,73.5294
4.41565,359.673,58.1472,63.7789,Neutral,Dead,No,Yes,2.31169,0.279282,24.0903
7.19466,26.5409,11.7133,145.138,Neutral,Good,Yes,No,3.00646,1.5633,54.9114
3.46619,239.354,198.24,228.205,La_Nina,Dead,Yes,Yes,3.97239,6.66667,339.148
3.02239,313.955,78.5056,399.642,La_Nina,Good,No,No,3.5821,5.19888,105.7
0.619748,95.2206,58.0123,81.6238,Neutral,Good,No,No,4.97188,2.59793,374.012
9.6917,81.6004,15.5484,192.699,Neutral,Damaged,No,No,4.35323,1.51902,0.672155
2.73243,146.736,52.5066,54.9288,Neutral,Good,No,Yes,2.9956,1.24988,37.6453
3.90224,388.15,22.7716,339.93,La_Nina,Damaged,No,Yes,4.10478,6.97995,348.541
0.891159,62.6576,21.9747,74.8219,Neutral,Damaged,No,Yes,2.35875,1.99024,19.4956
1.60605,62.23,44.8741,187.974,Neutral,Good,No,No,3.43932,0.981689,86.4221
2.38043,37.789,14.4631,183.155,La_Nina,Damaged,No,Yes,2.59689,3.4484,160.206
0.951557,287.081,154.281,153.915,Neutral,Damaged,Yes,Yes,4.31559,0.135411,41.8331
1.08608,10.2781,9.97098,152.163,Neutral,Good,No,No,1.68632,0.350846,18.9951
3.00738,98.8178,13.4008,55.4346,Neutral,Damaged,Yes,No,3.11248,0.515221,108.472
6.10941,98.9006,43.6018,193.331,Neutral,Dead,Yes,No,2.4312,9.04308,175.842
9.93482,26.5927,35.1723,184.011,Neutral,Damaged,Yes,Yes,3.5321,1.3825,13.4037
0.417166,389.954,173.491,186.268,Neutral,Good,No,No,1.99699,1.746,77.8064
1.86864,250.613,149.322,160.463,Neutral,Dead,No,No,4.42628,7.15934,102.022
8.32803,283.323,71.0485,85.5976,Neutral,Good,No,No,2.72302,3.98351,365.502
1.47145,56.6593,35.2707,128.899,Neutral,Dead,No,Yes,3.72891,0.487602,69.6654
1.4957,51.8162,87.3268,34.7992,El_Nino,Damaged,Yes,No,4.91247,0.559491,0.500281
0.303198,390.941,42.0918,195.844,Neutral,Good,No,No,3.51035,0.358188,98.7528
5.6205,7.72261,70.7076,119.945,Neutral,Damaged,Yes,No,3.51446,5.86304,289.536
6.97266,181.517,88.7611,162.222,Neutral,Damaged,Yes,No,3.00854,0.24781,16.3874
1.7059,370.036,89.7969,97.5987,Neutral,Good,No,Yes,4.36745,1.30461,27.5322
4.5076,62.8509,5.82551,110.68,Neutral,Damaged,Yes,No,2.4316,1.1634,86.399
3.26259,317.955,74.264,88.2981,Neutral,Good,Yes,No,2.78706,1.48224,21.3047
5.42571,39.5764,48.897,122.847,Neutral,Good,Yes,No,3.63189,1.00284,50.4449
9.72297,319.546,85.5783,272.755,La_Nina,Good,No,No,4.36244,7.14429,296.428
1.33386,242.335,197.205,138.635,Neutral,Damaged,No,No,2.29664,1.54218,67.1319
6.60806,103.526,104.892,171.873,Neutral,Good,No,No,2.51735,5.19457,331.854
0.187286,44.2979,15.1364,64.0016,La_Nina,Good,Yes,No,3.2442,1.8067,78.1509
3.53263,73.0557,149.173,145.649,Neutral,Good,No,No,3.27971,1.89744,77.3894
0.441384,75.1712,58.8645,43.7891,El_Nino,Good,Yes,No,3.74849,1.16021,15.1512
1.9825,146.67,199.724,193.121,Neutral,Good,No,No,2.22565,1.16485,38.4545
8.96321,16.7447,20.7937,177.283,Neutral,Good,No,No,4.82054,0.593729,57.3949
1.15882,266.825,50.2036,186.195,Neutral,Good,No,No,4.71636,1.02125,20.6754
7.13456,58.5561,30.3935,62.3854,Neutral,Good,Yes,No,4.06701,9.12078,273.91
1.25288,239.954,112.864,198.528,Neutral,Dead,No,Yes,2.46716,0.431032,61.2357
2.45516,184.893,50.8834,333.074,La_Nina,Damaged,No,No,4.3887,6.19143,339.828
0.317125,97.0494,23.899,18.064,El_Nino,Damaged,Yes,No,4.52796,1.97714,79.7147
3.34766,239.034,167.095,241.37,La_Nina,Damaged,Yes,Yes,2.21318,1.44523,325.177
3.51159,83.8742,34.0062,154.96,Neutral,Damaged,Yes,No,2.83897,0.376832,168.623
1.96312,98.8143,35.9258,6.47935,El_Nino,Damaged,Yes,No,4.69311,1.59385,31.5051
1.57393,1.33732,3.07333,87.7935,Neutral,Good,Yes,No,4.29932,7.97776,320.91
0.351659,311.485,86.5359,37.2327,El_Nino,Good,Yes,No,4.2144,0.426032,10.6728
4.15516,11.573,29.6946,94.5557,Neutral,Good,Yes,No,3.97573,2.13591,353.255
0.0593443,80.9815,62.5955,65.2469,Neutral,Dead,Yes,No,2.62924,1.2514,99.5454
1.35469,34.8738,7.7166,14.2863,El_Nino,Dead,No,Yes,3.17315,1.76962,79.5199
8.54546,328.885,167.329,206.827,La_Nina,Good,No,No,4.04426,1.18776,35.7486
9.06295,249.638,138.718,357.361,La_Nina,Good,No,No,2.18333,5.04521,254.205
1.4751,393.396,167.721,97.6951,Neutral,Damaged,No,Yes,4.01454,1.21057,16.4501
7.72329,15.9521,87.1849,184.983,La_Nina,Dead,No,Yes,3.70247,1.11838,98.4527
2.41491,163.846,48.9525,311.918,La_Nina,Good,No,No,4.82043,1.42633,323.284
1.35138,66.3945,79.9544,129.331,Neutral,Good,No,No,0.0309247,0.0791002,61.6085
4.44114,75.5742,41.3174,168.491,Neutral,Good,No,Yes,4.42826,0.448851,38.7607
5.71506,48.781,4.9251,113.131,Neutral,Damaged,Yes,No,3.43005,4.98268,354.11
0.454392,5.72816,8.90759,123.248,Neutral,Good,No,No,2.61535,4.49758,263.817
6.9023,213.504,182.45,156.962,La_Nina,Good,No,No,4.20034,0.532856,30.3013
5.6157,331.355,56.9926,235.336,La_Nina,Good,No,No,4.86766,6.01258,370.975
1.04326,87.1294,30.1106,24.2023,El_Nino,Damaged,Yes,No,4.06779,1.5568,72.0921
6.68531,105.655,107.368,202.268,La_Nina,Good,No,No,2.90168,1.92874,86.4308
4.49831,310.139,52.6319,399.265,La_Nina,Good,Yes,No,2.48631,6.47879,152.331
5.2309,283.768,65.2344,324.536,La_Nina,Damaged,No,Yes,0.41594,0.382474,134.735
1.40975,354.515,86.6901,81.8553,Neutral,Good,No,No,1.50549,0.294094,6.33173
2.81703,198.664,81.1054,189.01,Neutral,Good,No,No,3.11098,1.67937,387.628
1.00916,62.2901,2.04483,32.0636,El_Nino,Good,Yes,No,2.48872,0.556831,19.2241
0.94733,74.2224,8.94542,52.8001,Neutral,Good,No,Yes,4.58681,1.07094,44.6209
2.0128,50.3644,44.7098,57.2953,Neutral,Damaged,Yes,No,4.04493,3.14806,205.179
6.8867,201.323,195.244,100.356,Neutral,Damaged,Yes,No,2.71587,6.56822,201.799
7.8437,11.0394,41.6382,130.963,Neutral,Good,No,No,3.25902,1.34042,16.8679
0.307261,19.5954,15.3375,177.784,Neutral,Good,Yes,No,3.45722,0.391205,108.447
9.24373,284.885,120.517,300.084,La_Nina,Good,No,No,1.88339,5.1846,291.22
0.25472,16.0815,101.464,74.2472,Neutral,Good,Yes,No,2.71585,0.660564,31.8844
5.07747,87.979,5.50672,243.263,La_Nina,Good,Yes,No,4.69934,5.64527,352.206
1.91559,214.503,75.172,194.158,Neutral,Good,No,No,4.02385,1.9617,28.9375
6.20533,160.917,57.8569,92.2726,El_Nino,Good,No,No,2.36882,9.66396,293.95
3.7066,299.131,79.7006,285.245,La_Nina,Damaged,No,No,4.91768,7.61902,393.076
7.42241,268.447,150.424,221.201,La_Nina,Good,No,No,2.70162,1.23239,46.1099
1.546,6.93204,14.3819,122.924,Neutral,Good,No,Yes,2.74604,1.9033,10.1565
2.58809,305.002,90.0971,128.171,El_Nino,Good,No,No,3.48975,0.885432,22.3494
4.70868,26.4532,22.9271,172.357,El_Nino,Damaged,No,Yes,4.32699,3.60616,24.6254
0.357595,3.066,31.6551,46.5932,El_Nino,Good,Yes,No,3.72153,0.230857,67.7445
0.410302,73.6858,48.2779,168.31,Neutral,Damaged,No,Yes,0.0262179,1.54584,40.4334
0.0261891,97.6282,58.0494,22.7149,El_Nino,Damaged,No,Yes,0.191388,1.42536,224.389
1.12953,90.5136,91.9223,11.112,Neutral,Damaged,Yes,No,1.13128,1.48026,75.6194
2.22015,163.501,26.6747,58.444,Neutral,Good,No,No,2.70268,0.207443,77.3163
0.180417,28.3977,2.44774,11.5102,El_Nino,Good,Yes,No,2.41117,0.118526,40.9556
0.715106,7.04917,31.9835,161.983,Neutral,Good,Yes,No,4.41486,7.89644,190.311
5.12193,81.858,21.397,87.4691,Neutral,Good,Yes,No,3.61774,2.31567,298.096
1.79065,392.225,72.6767,74.6585,La_Nina,Good,No,No,2.13933,0.0561996,178.755
8.84409,283.305,107.202,200.763,Neutral,Good,No,No,3.85922,0.408328,81.8257
5.99551,185.165,59.5125,343.866,La_Nina,Good,No,Yes,2.58977,1.95595,31.2022
2.29074,352.952,48.4409,242.597,La_Nina,Good,No,No,2.83008,6.98011,310.602
3.42283,70.0596,15.8662,44.0547,El_Nino,Good,Yes,No,1.03471,1.78778,89.1203
3.69248,6.18988,22.4424,133.6,Neutral,Dead,No,Yes,4.67144,0.428574,51.4115
4.19909,33.2164,39.6825,64.659,Neutral,Dead,No,Yes,3.9664,1.27698,93.2893
0.986124,376.372,82.8067,111.308,Neutral,Good,No,Yes,3.65986,0.0670859,94.0961
9.11224,195.981,15.1228,192.271,Neutral,Good,Yes,No,4.20221,6.71294,292.247
0.047769,22.36,85.7962,189.22,Neutral,Good,Yes,No,2.43289,0.25122,170.383
8.5945,354.618,97.7971,128.024,El_Nino,Good,Yes,No,3.68571,1.71277,58.3654
1.48003,205.562,57.0914,150.992,Neutral,Good,Yes,No,4.47629,0.895137,29.4605
0.94553,98.9482,21.1862,118.314,Neutral,Damaged,No,Yes,2.23353,1.85163,23.65
9.80656,9.50402,14.72,84.2547,Neutral,Good,No,Yes,3.08847,0.026313,21.9477
8.81031,339.858,92.8492,117.842,La_Nina,Damaged,No,Yes,4.69028,1.88611,72.4445
0.954763,95.6199,11.8937,178.569,Neutral,Dead,Yes,Yes,2.43199,1.73992,80.732
1.63747,49.45,45.5802,51.679,Neutral,Good,No,No,4.60342,1.26062,68.6031
0.480552,261.437,79.612,170.172,Neutral,Damaged,No,Yes,4.48292,0.290292,52.5157
0.157206,99.5665,16.6067,26.8058,El_Nino,Damaged,No,No,2.37907,0.129275,13.0183
7.12473,54.9226,37.1386,154.408,Neutral,Good,Yes,No,3.09543,0.530096,234.44
7.91837,14.1495,60.449,120.716,Neutral,Damaged,Yes,No,3.3867,0.914523,13.8476
1.25883,48.6165,90.7365,7.22118,El_Nino,Good,Yes,No,4.63154,1.26383,63.5663
0.897678,371.443,80.9044,145.253,Neutral,Damaged,No,Yes,4.00167,1.8737,60.8149
1.29167,40.1203,49.6051,187.555,Neutral,Good,Yes,No,4.48862,1.36255,43.4707
4.54034,128.697,60.6159,134.601,Neutral,Good,Yes,No,3.40068,0.185806,21.2716
1.26392,51.3593,96.3556,58.9432,La_Nina,Damaged,No,Yes,0.319445,0.827766,34.501
0.0490432,57.9203,32.9135,77.8102,Neutral,Good,No,Yes,2.32143,6.13142,163.244
9.35312,309.123,58.1391,374.656,La_Nina,Good,No,No,4.65418,6.1865,366.599
3.87635,94.5402,14.8357,98.6309,Neutral,Good,Yes,No,3.60548,7.55544,398.167
1.28051,386.192,186.306,182.701,Neutral,Good,No,No,1.85008,0.428015,33.0444
1.75989,38.7379,71.2877,186.434,Neutral,Dead,No,Yes,2.98927,0.819666,8.62152
0.360819,183.048,64.7699,109.52,Neutral,Damaged,No,Yes,4.15305,0.928541,38.2098
1.75433,111.913,112.455,79.5345,El_Nino,Good,No,No,3.31267,3.92257,83.8845
2.3208,251.679,53.9637,218.321,La_Nina,Good,No,Yes,2.20244,9.73583,356.951
1.22461,319.748,153.542,196.362,Neutral,Damaged,No,Yes,3.09112,1.30216,41.0785
6.29241,40.6374,4.65271,178.511,La_Nina,Good,No,Yes,3.3479,7.73669,15.2199
0.0606248,82.2135,12.521,192.669,La_Nina,Good,No,No,3.29995,0.12942,74.5497
2.40127,21.2554,15.7415,84.7871,Neutral,Good,Yes,No,2.31143,9.12898,148.21
0.833844,15.1994,75.8958,44.9912,El_Nino,Good,Yes,No,3.57992,0.897467,23.9679
1.09389,356.607,96.1651,3.18592,El_Nino,Damaged,No,No,3.02386,1.49715,89.5785
0.383819,42.8768,2.92126,0.472519,El_Nino,Good,Yes,No,2.20566,5.20787,345.321
8.71218,181.919,71.2211,316.109,La_Nina,Good,No,No,4.13449,0.596476,83.1065
3.04724,12.3054,72.7945,73.7978,Neutral,Good,No,Yes,3.65653,5.21387,148.128
1.14684,202.537,101.355,129.852,Neutral,Damaged,No,No,2.33117,1.69026,15.1823
0.111618,194.193,76.33,198.132,Neutral,Damaged,No,Yes,4.49401,0.494159,89.0557
1.19426,93.1256,24.1485,162.77,Neutral,Good,Yes,No,0.0918908,0.298017,236.589
1.38942,209.703,199.399,353.062,La_Nina,Good,No,No,0.858869,5.11919,365.098
0.308195,54.4878,0.231716,130.14,Neutral,Good,Yes,No,3.02328,1.3269,50.5576
0.691904,93.4239,44.2189,116.68,Neutral,Good,Yes,No,4.55315,8.60443,142.869
1.85862,82.449,55.9292,10.4525,El_Nino,Damaged,No,Yes,2.33807,0.352404,52.7652
3.46212,339.243,96.8557,351.658,La_Nina,Good,No,No,2.78386,1.3665,95.3284
0.740605,43.6998,88.58,49.6616,El_Nino,Dead,Yes,No,0.260002,0.887436,6.46399
1.33884,95.2703,11.7275,13.6282,El_Nino,Good,Yes,No,3.16396,1.56111,56.0627
1.94362,132.52,190.126,64.2793,Neutral,Dead,No,No,3.48242,0.0337312,54.9839
2.95557,208.158,56.9399,308.266,La_Nina,Good,No,No,3.67163,4.56189,156.17
0.695248,30.4223,28.3084,143.843,Neutral,Good,Yes,No,3.36602,0.172763,55.9428
0.076415,78.2567,24.7609,120.934,La_Nina,Good,Yes,No,2.41926,0.216501,50.3558
6.73232,206.111,85.8492,159.018,Neutral,Dead,No,Yes,2.97308,9.92907,149.271
8.77964,66.1092,27.8372,312.547,Neutral,Dead,Yes,Yes,3.37255,2.44872,377.098
3.58047,294.934,161.88,89.8508,El_Nino,Good,Yes,No,3.94569,3.28275,330.238
1.50775,21.8503,0.389826,162.906,Neutral,Dead,No,Yes,4.72007,1.92983,16.9754
0.361931,77.9399,5.63113,61.2341,El_Nino,Damaged,No,Yes,3.02842,1.61553,30.3542
8.34522,262.059,21.3103,168.099,La_Nina,Damaged,No,No,4.86692,1.51017,75.7362
8.01312,75.7125,16.5801,109.749,Neutral,Damaged,No,Yes,2.0081,2.20171,331.46
2.69591,2.29462,73.4583,181.175,Neutral,Good,Yes,No,4.88675,9.89026,353.666
7.37901,296.788,14.6826,360.279,La_Nina,Good,Yes,No,3.9356,3.90534,272.453
5.70955,52.3797,18.8968,59.8067,Neutral,Good,No,No,3.72444,7.75327,391.185
1.60932,73.3876,14.0546,171.616,Neutral,Good,No,Yes,2.78135,0.478304,92.8051
6.70012,256.515,64.4788,274.655,La_Nina,Damaged,No,Yes,4.19616,1.87433,230.15
0.628919,11.8994,29.9934,179.906,Neutral,Damaged,Yes,Yes,4.69768,0.0277226,59.5431
7.6538,381.77,107.569,215.54,La_Nina,Good,No,No,4.57627,1.23607,173.195
7.47067,5.16779,8.87608,174.708,Neutral,Good,No,Yes,2.72071,4.63195,341.724
0.455928,47.0411,16.3711,165.673,Neutral,Damaged,No,Yes,3.35964,1.49945,77.995
0.377538,52.2219,16.5095,73.4455,Neutral,Good,Yes,No,2.60362,7.22285,255.879
0.153048,46.0672,74.2702,36.1972,El_Nino,Damaged,Yes,No,3.33274,1.12431,14.9025
9.26848,119.815,156.461,172.787,Neutral,Good,No,No,3.98551,1.85759,15.6531
0.394966,38.3013,39.6468,31.5431,El_Nino,Good,Yes,No,4.75096,1.95073,93.5185
2.9399,354.067,76.1283,63.0642,Neutral,Dead,Yes,No,3.37148,2.56701,263.417
1.84675,330.982,90.5534,121.335,Neutral,Good,No,No,3.43947,1.74256,34.3829
8.01034,25.9751,20.0365,196.958,Neutral,Good,No,Yes,3.50207,0.016108,35.236
3.82244,81.6219,9.62792,160.147,Neutral,Good,Yes,No,2.64546,2.00121,214.457
5.33171,385.383,105.299,238.742,La_Nina,Damaged,No,Yes,2.06421,9.84132,284.328
0.484858,312.966,101.936,91.002,Neutral,Good,Yes,No,2.45758,5.93464,130.973
1.58786,88.1547,0.167796,10.3243,El_Nino,Good,Yes,No,4.13185,1.75767,11.8645
0.622379,82.8599,10.9966,28.991,El_Nino,Damaged,Yes,No,2.20415,1.09489,26.0529
8.00006,208.14,194.491,213.797,La_Nina,Good,No,No,3.50696,4.77161,135.603
3.20488,294.887,98.8168,274.966,La_Nina,Good,No,No,4.4773,0.600139,83.3245
0.314163,62.2529,48.3368,106.897,Neutral,Good,Yes,No,2.17597,4.6036,360.621
4.22878,368.178,61.1831,113.286,Neutral,Good,No,No,3.16253,0.289667,1.58403
3.97498,131.472,191.983,305.61,La_Nina,Good,No,No,4.0611,1.25774,200.899
1.19039,42.4773,75.6366,191.595,Neutral,Damaged,No,Yes,4.61138,1.5374,51.0704
1.84868,323.818,176.584,243.28,La_Nina,Good,Yes,No,0.970838,5.47536,265.311
6.5829,33.8585,44.1523,169.505,Neutral,Damaged,No,Yes,4.1591,0.421315,63.8
3.09419,347.154,69.1523,201.169,La_Nina,Good,No,No,3.41597,7.16584,240.386
5.30349,55.1707,32.6992,170.499,Neutral,Damaged,No,Yes,4.15474,0.309545,87.1667
3.30979,65.9231,18.3726,199.875,Neutral,Good,Yes,No,2.28619,2.01656,207.143
3.36352,285.797,67.5325,204.973,La_Nina,Good,No,No,3.21865,7.72695,388.937
5.49319,175.225,80.0501,64.7752,Neutral,Good,No,No,3.66486,0.00531119,99.2847
8.62781,15.0722,88.2038,94.9086,Neutral,Good,No,Yes,3.64201,0.593623,86.5186
0.604203,40.9964,30.2235,155.548,Neutral,Damaged,No,Yes,4.45601,1.02488,68.3464
0.50341,7.78585,74.0946,154.927,Neutral,Good,Yes,No,4.33752,7.17426,300.931
4.45913,77.2301,38.9281,192.024,Neutral,Damaged,No,Yes,4.51717,6.00932,332.83
6.28461,93.7912,24.9421,254.333,La_Nina,Damaged,No,Yes,2.93149,0.913759,80.3595
7.4762,61.9742,38.8258,142.222,El_Nino,Damaged,No,Yes,4.5617,1.89506,19.7749
6.21633,95.9554,22.7834,30.1886,El_Nino,Good,Yes,No,2.73602,0.0542322,3.87863
9.65511,75.0613,5.69662,176.362,Neutral,Damaged,No,Yes,3.24042,1.79862,84.2764
1.91661,212.47,161.664,3.51241,El_Nino,Damaged,No,No,4.78447,1.08774,47.8224
8.13057,155.308,4.97243,157.775,Neutral,Damaged,No,No,2.04831,1.22071,46.0066
0.35248,76.4366,22.9531,112.789,El_Nino,Good,Yes,No,2.46029,9.12081,233.492
2.50073,44.2565,17.0862,140.92,Neutral,Damaged,No,Yes,4.0437,0.566503,58.6679
8.22147,42.3094,15.3268,81.8693,Neutral,Good,No,No,3.60921,5.59347,179.795
2.46202,53.0173,14.1166,190.723,Neutral,Good,No,Yes,2.81046,1.07007,4.03242
0.322411,67.1408,8.29447,62.5326,Neutral,Damaged,No,No,4.02437,5.78352,52.0873
1.34712,24.9754,54.7647,10.4832,El_Nino,Dead,No,Yes,4.79686,1.48261,97.4491
2.14886,79.3478,17.6032,203.389,La_Nina,Damaged,Yes,No,3.57374,2.62634,289.651
0.0638013,256.88,147.435,200.791,Neutral,Good,No,No,0.198873,1.8024,60.1023
0.576371,309.261,170.445,146.486,Neutral,Good,No,No,2.87934,0.0610203,22.4259
2.38489,374.798,96.7114,176.367,Neutral,Good,Yes,No,4.45567,1.65395,280.238
9.10635,359.614,0.499036,139.633,Neutral,Good,No,No,4.85373,7.82997,107.398
